,,Overall,Overall,Overall,Overall,Overall,Overall,,Conf.,Conf.,,Home,Home,,Away,Away,,Points,Points,,Totals,Totals,Totals,Totals,Totals,Totals,Totals,Totals,Totals,Totals,Totals,Totals,Totals,Totals,Totals,Totals,Totals
Rk,School,G,W,L,W-L%,SRS,SOS,,W,L,,W,L,,W,L,,Tm.,Opp.,,MP,FG,FGA,FG%,3P,3PA,3P%,FT,FTA,FT%,ORB,TRB,AST,STL,BLK,TOV,PF
1,Abilene Christian,26,12,14,.462,-5.96,-0.53,,4,9,,8,4,,3,9,,1823,1838,,1045,642,1478,.434,156,484,.322,383,548,.699,318,853,355,253,77,377,533
2,Air Force,25,3,22,.120,-13.09,4.47,,0,14,,3,12,,0,9,,1536,1975,,1000,538,1261,.427,170,540,.315,290,448,.647,176,728,309,142,64,381,444
3,Akron,25,20,5,.800,9.34,-2.18,,11,1,,13,0,,5,3,,2247,1873,,1000,815,1616,.504,272,731,.372,345,446,.774,287,942,480,190,80,272,400
4,Alabama,25,18,7,.720,23.03,13.95,,8,4,,9,3,,5,2,,2294,2067,,1000,754,1655,.456,321,897,.358,465,612,.760,304,1032,417,165,141,247,484
5,Alabama A&M,26,15,11,.577,-12.87,-9.83,,8,5,,11,3,,3,7,,1849,1859,,1040,607,1413,.430,164,492,.333,471,633,.744,247,904,291,157,80,305,477
6,Alabama State,26,9,17,.346,-12.47,-6.71,,6,7,,5,2,,3,13,,1926,2014,,1040,665,1587,.419,197,600,.328,399,566,.705,337,945,326,225,93,358,494
7,Albany (NY),26,9,17,.346,-14.35,-6.65,,5,6,,5,4,,3,10,,1885,1922,,1040,717,1546,.464,188,577,.326,263,400,.658,292,892,366,189,99,315,447
8,Alcorn State,25,6,19,.240,-19.65,-4.13,,5,8,,3,3,,2,16,,1672,2060,,997,612,1430,.428,173,491,.352,275,394,.698,237,725,291,192,85,350,448
9,American,27,14,13,.519,-7.05,-5.33,,7,7,,11,4,,3,9,,2026,1944,,1080,718,1590,.452,244,730,.334,346,459,.754,260,868,372,212,44,304,514
10,Appalachian State,28,18,10,.643,-3.00,-5.27,,10,5,,10,3,,7,7,,1993,1800,,1125,704,1602,.439,225,734,.307,360,575,.626,338,1107,347,137,107,274,432
11,Arizona,25,23,2,.920,29.74,10.10,,10,2,,13,1,,6,1,,2206,1715,,1005,789,1554,.508,145,411,.353,483,661,.731,332,1096,444,209,112,284,408
12,Arizona State,25,13,12,.520,10.75,11.19,,4,8,,7,5,,2,6,,1968,1979,,1000,662,1475,.449,194,569,.341,450,600,.750,267,833,350,180,114,285,434
13,Arkansas,25,19,6,.760,23.43,11.15,,9,3,,14,1,,4,3,,2219,1912,,1000,795,1576,.504,206,555,.371,423,573,.738,270,903,432,184,133,229,408
14,Arkansas State,27,16,11,.593,-0.33,-2.81,,7,7,,9,4,,7,7,,2227,2093,,1095,757,1687,.449,255,764,.334,458,618,.741,386,1108,431,214,67,383,508
15,Arkansas-Pine Bluff,26,11,15,.423,-14.26,-3.96,,8,5,,6,2,,5,13,,2013,2145,,1045,696,1558,.447,203,582,.349,418,552,.757,274,886,406,182,80,363,523
16,Army,27,10,17,.370,-15.04,-6.32,,4,10,,6,8,,4,8,,1954,2090,,1105,680,1650,.412,291,867,.336,303,431,.703,320,973,403,154,41,319,497
17,Auburn,25,14,11,.560,18.60,13.68,,5,7,,9,3,,2,5,,2099,1976,,1010,696,1512,.460,193,585,.330,514,693,.742,342,923,326,189,105,250,439
18,Austin Peay,25,19,6,.760,0.15,-5.98,,13,1,,12,0,,7,6,,2051,1778,,1000,708,1507,.470,221,603,.367,414,552,.750,263,890,407,247,67,272,417
19,Ball State,25,8,17,.320,-11.85,-3.81,,3,9,,5,6,,2,10,,1659,1751,,1000,580,1406,.413,169,554,.305,330,473,.698,241,788,304,194,66,270,389
20,Baylor,25,13,12,.520,16.33,11.41,,3,9,,9,5,,2,5,,2084,1903,,1000,731,1527,.479,211,596,.354,411,563,.730,319,946,394,163,115,291,409
21,Bellarmine,26,11,15,.423,-8.96,-3.80,,6,8,,8,3,,2,12,,2063,2109,,1050,730,1415,.516,222,580,.383,381,483,.789,163,727,397,161,43,272,424
22,Belmont,28,24,4,.857,9.55,-0.34,,14,3,,11,2,,11,2,,2346,2032,,1130,841,1629,.516,295,733,.402,369,541,.682,258,1025,513,174,98,364,497
23,Bethune-Cookman,26,13,13,.500,-9.13,-4.69,,10,3,,8,1,,5,10,,1943,2013,,1055,686,1502,.457,155,464,.334,416,606,.686,275,936,354,186,120,357,473
24,Binghamton,27,5,22,.185,-21.54,-9.67,,1,11,,5,8,,0,13,,1808,2032,,1105,611,1381,.442,138,445,.310,448,598,.749,191,858,307,145,85,339,458
25,Boise State,25,15,10,.600,12.87,8.78,,7,7,,9,4,,4,4,,1983,1864,,1030,647,1429,.453,211,606,.348,478,615,.777,259,895,347,124,56,292,447
26,Boston College,25,9,16,.360,3.62,5.50,,2,10,,8,7,,1,6,,1686,1733,,1020,596,1456,.409,181,610,.297,313,479,.653,264,919,279,118,111,263,415
27,Boston University,28,13,15,.464,-7.98,-8.02,,8,7,,8,5,,4,10,,2145,2097,,1155,752,1536,.490,275,689,.399,364,507,.718,246,924,422,136,93,326,463
28,Bowling Green,26,16,10,.615,1.54,-3.72,,7,6,,9,5,,5,5,,2141,1825,,1045,764,1580,.484,184,534,.345,429,581,.738,267,937,382,277,94,308,452
29,Bradley,27,18,9,.667,3.85,0.23,,11,5,,12,2,,4,5,,2082,1955,,1105,705,1625,.434,242,674,.359,430,586,.734,274,934,346,219,84,258,493
30,Brigham Young,25,19,6,.760,22.40,10.44,,7,5,,10,2,,3,3,,2162,1863,,1005,759,1566,.485,226,631,.358,418,563,.742,311,988,368,193,120,268,394
31,Brown,23,8,15,.348,-8.88,-4.36,,2,8,,5,7,,3,8,,1617,1573,,940,599,1371,.437,165,515,.320,254,369,.688,252,822,354,179,92,281,413
32,Bryant,26,8,18,.308,-17.73,-6.64,,4,8,,7,4,,1,14,,1676,1880,,1045,576,1431,.403,205,687,.298,319,429,.744,263,879,321,154,115,346,422
33,Bucknell,27,8,19,.296,-14.24,-4.42,,5,9,,5,6,,3,10,,1815,2080,,1096,624,1512,.413,203,662,.307,364,472,.771,244,840,351,193,58,347,488
34,Buffalo,25,15,10,.600,-2.51,-4.69,,5,7,,6,6,,7,4,,1966,1871,,1005,655,1376,.476,242,627,.386,414,559,.741,232,809,370,188,66,272,406
35,Butler,26,13,13,.500,11.32,8.40,,4,11,,9,6,,1,7,,2073,1997,,1060,707,1572,.450,192,571,.336,467,664,.703,336,993,409,180,85,297,405
36,Cal Poly,27,11,16,.407,-5.01,0.39,,7,8,,6,6,,5,9,,2196,2303,,1085,716,1650,.434,296,874,.339,468,604,.775,305,1019,360,181,62,432,519
37,Cal State Bakersfield,26,8,18,.308,-11.51,-0.68,,2,12,,6,8,,2,10,,1875,2082,,1040,640,1529,.419,128,433,.296,467,636,.734,311,916,281,200,134,361,531
38,Cal State Fullerton,27,13,14,.481,-2.56,0.68,,8,7,,8,3,,4,10,,2246,2223,,1080,770,1708,.451,235,702,.335,471,664,.709,271,956,428,227,76,315,504
39,Cal State Northridge,26,16,10,.615,-0.64,-0.72,,9,5,,12,1,,4,7,,2132,2054,,1040,773,1683,.459,199,579,.344,387,589,.657,337,1078,454,185,73,349,476
40,California,26,18,8,.692,12.20,6.84,,6,7,,14,3,,3,5,,2053,1897,,1050,678,1505,.450,240,636,.377,457,584,.783,232,897,364,154,83,268,487
41,California Baptist,26,19,7,.731,1.55,-2.68,,9,4,,12,0,,6,6,,1896,1786,,1055,660,1548,.426,160,495,.323,416,580,.717,377,1065,271,139,80,319,488
42,Campbell,26,12,14,.462,-3.64,0.74,,6,7,,8,3,,3,11,,2077,2042,,1040,708,1553,.456,188,580,.324,473,657,.720,331,930,326,184,49,330,455
43,Canisius,27,8,19,.296,-17.33,-7.33,,3,13,,6,7,,2,12,,1702,1921,,1085,592,1480,.400,198,593,.334,320,456,.702,286,897,328,135,66,341,480
44,Central Arkansas,27,17,10,.630,-1.21,-4.01,,12,2,,13,1,,4,9,,2161,1989,,1095,765,1689,.453,285,835,.341,346,499,.693,296,987,446,238,47,297,435
45,Central Connecticut State,25,15,10,.600,-9.92,-9.14,,9,5,,7,3,,8,7,,1877,1768,,1005,676,1418,.477,188,497,.378,337,437,.771,228,863,349,146,101,265,340
46,Central Michigan,25,8,17,.320,-8.60,-2.12,,4,8,,7,4,,0,12,,1849,1933,,1000,684,1461,.468,161,492,.327,320,454,.705,252,828,386,158,108,312,447
47,Charleston Southern,27,12,15,.444,-6.79,-6.25,,3,9,,8,3,,4,11,,2240,2145,,1100,791,1745,.453,327,920,.355,331,512,.646,334,1143,457,129,135,381,579
48,Charlotte,25,13,12,.520,-0.75,-0.05,,7,5,,9,5,,4,5,,1839,1852,,1020,627,1366,.459,214,599,.357,371,524,.708,285,861,318,117,91,306,442
49,Chattanooga,27,10,17,.370,-11.30,-5.55,,4,10,,6,7,,4,9,,2016,1994,,1080,697,1563,.446,279,799,.349,343,449,.764,212,884,408,153,72,266,515
50,Chicago State,27,6,21,.222,-16.44,-3.75,,4,10,,4,5,,2,16,,1784,2091,,1085,634,1576,.402,156,487,.320,360,482,.747,294,850,298,222,32,294,507
51,Cincinnati,26,14,12,.538,13.93,8.63,,6,7,,13,3,,1,6,,1879,1741,,1040,668,1562,.428,219,680,.322,324,480,.675,286,965,428,168,113,316,418
52,Clemson,26,20,6,.769,17.61,7.49,,10,3,,11,2,,6,3,,1945,1682,,1050,671,1455,.461,211,617,.342,392,541,.725,245,919,336,163,67,257,421
53,Cleveland State,27,10,17,.370,-11.91,-2.75,,6,10,,6,6,,3,10,,2169,2291,,1080,710,1560,.455,292,769,.380,457,605,.755,279,899,425,147,79,355,506
54,Coastal Carolina,27,16,11,.593,-6.92,-5.46,,8,6,,7,4,,8,7,,1985,1946,,1110,686,1652,.415,247,707,.349,366,504,.726,280,1089,293,121,86,299,509
55,Colgate,28,16,12,.571,-4.95,-4.53,,10,5,,7,4,,6,8,,2124,2056,,1145,789,1644,.480,205,564,.363,341,466,.732,256,953,403,176,88,290,471
56,College of Charleston,27,17,10,.630,-0.97,-2.04,,10,4,,10,4,,5,4,,2045,1996,,1090,695,1564,.444,175,599,.292,480,648,.741,286,1023,345,147,123,302,460
57,Colorado,26,14,12,.538,10.91,9.41,,4,9,,11,4,,1,7,,2081,2042,,1050,735,1566,.469,189,540,.350,422,562,.751,270,903,403,164,85,259,451
58,Colorado State,25,15,10,.600,8.19,4.40,,6,8,,10,4,,3,5,,1899,1758,,1000,632,1289,.490,248,628,.395,387,502,.771,221,821,388,133,53,295,408
59,Columbia,24,15,9,.625,-2.49,-4.08,,4,6,,8,3,,7,6,,1878,1740,,970,693,1429,.485,195,535,.364,297,431,.689,305,953,390,131,80,318,400
60,Connecticut,26,24,2,.923,23.90,9.78,,14,1,,13,1,,8,1,,2061,1694,,1050,751,1532,.490,224,609,.368,335,478,.701,298,948,482,185,140,287,479
61,Coppin State,27,6,21,.222,-25.79,-7.40,,4,6,,2,5,,4,13,,1756,2193,,1080,612,1502,.407,165,533,.310,367,546,.672,297,877,322,177,84,420,489
62,Cornell,23,12,11,.522,-1.52,-2.99,,5,5,,5,3,,7,8,,2078,1935,,930,727,1456,.499,302,755,.400,322,435,.740,246,822,499,144,65,279,455
63,Creighton,26,13,13,.500,10.71,9.82,,7,8,,10,4,,2,7,,1977,1954,,1045,704,1540,.457,262,755,.347,307,412,.745,254,910,411,149,69,296,377
64,Dartmouth,23,10,13,.435,-6.46,-2.51,,4,6,,5,7,,5,6,,1761,1735,,925,589,1313,.449,240,644,.373,343,467,.734,211,827,330,107,87,292,362
65,Davidson,25,15,10,.600,5.40,3.83,,6,6,,9,6,,5,3,,1848,1717,,1010,656,1405,.467,233,614,.379,303,446,.679,245,814,348,179,106,263,428
66,Dayton,25,16,9,.640,6.96,2.52,,7,5,,12,2,,3,5,,1896,1785,,1015,611,1368,.447,183,558,.328,491,649,.757,230,824,352,227,104,307,414
67,Delaware,25,9,16,.360,-7.17,-2.38,,5,9,,4,8,,4,7,,1672,1796,,1015,587,1312,.447,212,592,.358,286,372,.769,166,788,312,134,76,303,358
68,Delaware State,25,6,19,.240,-22.53,-8.86,,1,9,,5,5,,1,13,,1524,1783,,1005,547,1387,.394,121,399,.303,309,449,.688,233,758,269,203,45,330,420
69,Denver,28,13,15,.464,-4.88,-1.20,,6,7,,7,5,,6,10,,2331,2315,,1120,823,1703,.483,249,653,.381,436,563,.774,295,966,322,126,56,282,486
70,DePaul,25,13,12,.520,6.90,5.42,,5,9,,11,4,,1,7,,1793,1756,,1000,625,1408,.444,184,555,.332,359,515,.697,252,833,386,170,89,302,455
71,Detroit Mercy,25,12,13,.480,-7.31,-2.92,,9,7,,6,5,,6,8,,1932,1964,,1000,683,1555,.439,169,493,.343,397,523,.759,324,962,327,146,80,293,488
72,Drake,28,12,16,.429,-0.90,1.02,,6,11,,6,9,,4,6,,2149,2115,,1130,739,1653,.447,260,742,.350,411,571,.720,269,995,380,157,83,280,482
73,Drexel,27,13,14,.481,-5.24,-4.63,,7,7,,10,4,,3,8,,1852,1834,,1080,673,1529,.440,215,616,.349,291,445,.654,301,952,371,168,101,339,459
74,Duke,26,24,2,.923,30.60,10.79,,13,1,,13,0,,8,1,,2157,1642,,1040,758,1512,.501,231,662,.349,410,574,.714,307,1029,442,213,90,280,403
75,Duquesne,25,15,10,.600,4.87,1.48,,7,5,,10,5,,5,4,,2060,1911,,1020,708,1494,.474,235,661,.356,409,572,.715,263,898,407,198,71,319,500
76,East Carolina,25,9,16,.360,-6.29,0.09,,4,8,,6,8,,3,6,,1757,1909,,1005,609,1469,.415,129,461,.280,410,578,.709,304,905,290,159,103,299,409
77,East Tennessee State,27,19,8,.704,0.98,-7.35,,11,3,,13,3,,6,5,,2115,1839,,1090,755,1560,.484,199,591,.337,406,531,.765,258,932,398,246,96,273,442
78,East Texas A&M,28,11,17,.393,-10.14,-0.98,,6,12,,6,6,,4,11,,1979,2087,,1120,697,1616,.431,240,746,.322,345,505,.683,260,947,453,203,90,376,484
79,Eastern Illinois,27,11,16,.407,-13.18,-4.68,,7,9,,9,4,,2,12,,1815,1897,,1090,647,1514,.427,153,471,.325,368,502,.733,267,887,334,206,79,345,447
80,Eastern Kentucky,27,9,18,.333,-8.98,-3.54,,5,9,,7,5,,2,13,,2160,2179,,1095,743,1713,.434,297,867,.343,377,523,.721,354,985,384,196,84,321,498
81,Eastern Michigan,26,9,17,.346,-5.08,-1.24,,3,10,,6,5,,3,12,,1850,1908,,1050,683,1527,.447,164,497,.330,320,444,.721,265,920,332,158,104,307,474
82,Eastern Washington,26,9,17,.346,-3.15,0.74,,7,6,,6,3,,3,13,,2004,2083,,1050,711,1526,.466,191,533,.358,391,516,.758,268,828,338,156,78,327,473
83,Elon,27,14,13,.519,-3.01,-2.73,,6,8,,8,6,,6,7,,2186,2111,,1100,767,1656,.463,249,710,.351,403,565,.713,328,980,417,186,81,286,463
84,Evansville,26,6,20,.231,-7.74,3.42,,2,13,,4,8,,1,10,,1752,1949,,1050,616,1437,.429,199,608,.327,321,447,.718,216,834,341,146,91,342,415
85,Fairfield,27,16,11,.593,-8.32,-8.71,,8,8,,10,3,,6,8,,2040,1967,,1085,743,1714,.433,212,630,.337,342,476,.718,380,1039,329,178,98,269,420
86,FDU,27,10,17,.370,-13.63,-6.42,,7,7,,8,5,,2,12,,1833,1882,,1085,632,1536,.411,218,715,.305,351,496,.708,327,970,322,139,45,315,469
87,Florida,25,19,6,.760,27.36,12.32,,10,2,,11,1,,5,2,,2162,1786,,1000,763,1625,.470,187,634,.295,449,638,.704,409,1150,406,170,128,293,439
88,Florida A&M,24,10,14,.417,-16.25,-7.75,,7,6,,6,3,,3,11,,1677,1846,,965,579,1337,.433,171,514,.333,348,514,.677,247,790,306,193,75,373,446
89,Florida Atlantic,26,14,12,.538,5.44,2.82,,6,7,,9,4,,3,6,,2107,1958,,1050,755,1629,.463,218,657,.332,379,528,.718,328,1024,356,160,149,325,463
90,Florida Gulf Coast,27,12,15,.444,-5.95,-3.79,,6,8,,9,6,,3,9,,2128,2105,,1090,768,1683,.456,232,672,.345,360,501,.719,327,1000,408,208,98,314,516
91,Florida International,25,12,13,.480,-1.58,-0.13,,5,9,,10,5,,2,8,,2039,1944,,1010,714,1565,.456,191,540,.354,420,618,.680,327,966,382,243,115,320,446
92,Florida State,25,12,13,.480,9.86,7.90,,5,7,,9,5,,3,5,,2009,1960,,1000,681,1603,.425,258,815,.317,389,544,.715,312,914,365,201,95,283,465
93,Fordham,26,14,12,.538,0.25,-1.58,,5,8,,8,7,,4,4,,1840,1693,,1045,703,1583,.444,176,603,.292,258,370,.697,339,1023,380,188,61,298,397
94,Fresno State,25,12,13,.480,4.64,4.19,,6,8,,9,6,,2,7,,1843,1795,,1000,630,1421,.443,190,596,.319,393,527,.746,246,875,330,180,51,332,426
95,Furman,27,17,10,.630,-2.96,-5.54,,8,6,,10,4,,6,4,,2073,1898,,1095,752,1579,.476,246,766,.321,323,480,.673,301,1044,446,136,91,336,403
96,Gardner-Webb,27,3,24,.111,-23.88,-0.67,,1,11,,3,9,,0,13,,1856,2370,,1080,664,1550,.428,190,602,.316,338,495,.683,233,824,282,166,65,381,488
97,George Mason,26,21,5,.808,6.58,-0.02,,9,4,,15,1,,4,4,,1938,1749,,1040,658,1377,.478,160,470,.340,462,637,.725,251,913,339,135,78,282,403
98,George Washington,26,15,11,.577,10.11,1.83,,6,7,,11,3,,2,5,,2163,1899,,1040,746,1587,.470,263,737,.357,408,554,.736,329,987,412,198,88,329,465
99,Georgetown,25,13,12,.520,8.68,6.60,,5,9,,9,5,,4,5,,1882,1830,,1015,639,1462,.437,172,516,.333,432,582,.742,286,906,364,171,93,253,457
100,Georgia,25,17,8,.680,18.79,6.83,,5,7,,11,4,,4,3,,2258,1959,,1020,779,1670,.466,228,720,.317,472,632,.747,344,993,364,214,164,277,422
101,Georgia Southern,27,15,12,.556,-7.57,-6.45,,7,7,,9,5,,6,5,,2190,2157,,1095,723,1668,.433,254,785,.324,490,675,.726,304,953,306,222,108,288,527
102,Georgia State,27,9,18,.333,-10.64,-3.64,,6,8,,6,4,,3,12,,1903,2006,,1085,607,1596,.380,235,726,.324,454,580,.783,295,957,324,184,82,300,494
103,Georgia Tech,26,11,15,.423,2.98,4.78,,2,11,,10,6,,1,7,,1937,1984,,1045,697,1559,.447,183,498,.367,360,521,.691,281,983,418,159,107,342,467
104,Gonzaga,27,25,2,.926,26.24,5.83,,13,1,,13,0,,7,1,,2366,1815,,1085,901,1749,.515,178,520,.342,386,555,.695,340,1112,500,240,95,269,470
105,Grambling,25,11,14,.440,-10.82,-7.60,,5,7,,6,3,,3,11,,1765,1763,,1000,588,1346,.437,164,521,.315,425,580,.733,252,831,296,202,71,366,476
106,Grand Canyon,25,16,9,.640,10.59,4.07,,9,5,,11,3,,4,4,,1882,1719,,1005,646,1440,.449,168,559,.301,422,559,.755,272,910,315,172,89,305,455
107,Green Bay,28,15,13,.536,-5.31,-2.54,,10,7,,8,4,,5,8,,2101,2113,,1131,711,1470,.484,203,561,.362,476,633,.752,221,880,384,128,76,302,492
108,Hampton,26,12,14,.462,-7.31,-4.73,,6,7,,9,1,,2,9,,1822,1788,,1050,626,1494,.419,165,551,.299,405,569,.712,327,960,317,172,91,300,499
109,Harvard,24,14,10,.583,-1.90,-3.77,,7,3,,7,4,,7,5,,1699,1627,,970,613,1304,.470,182,501,.363,291,363,.802,192,753,330,177,85,260,339
110,Hawaii,24,18,6,.750,6.40,-3.74,,10,4,,14,1,,4,5,,1914,1627,,965,645,1396,.462,183,563,.325,441,600,.735,274,955,343,159,92,329,422
111,High Point,28,24,4,.857,7.20,-7.96,,12,1,,15,1,,6,2,,2570,1975,,1130,871,1740,.501,260,722,.360,568,762,.745,327,1008,471,323,103,260,512
112,Hofstra,27,17,10,.630,2.73,-1.76,,8,6,,7,2,,8,8,,2046,1831,,1085,708,1607,.441,257,693,.371,373,500,.746,337,1057,359,133,104,292,470
113,Holy Cross,27,9,18,.333,-13.00,-5.32,,4,10,,6,6,,2,12,,1823,1969,,1080,649,1499,.433,181,571,.317,344,468,.735,213,857,284,159,44,278,422
114,Houston,26,23,3,.885,25.88,9.65,,11,2,,13,0,,5,2,,2024,1602,,1045,733,1621,.452,232,680,.341,326,424,.769,342,961,398,209,102,213,476
115,Houston Christian,27,10,17,.370,-9.28,-3.08,,6,12,,8,4,,2,12,,1834,1967,,1085,641,1450,.442,171,533,.321,381,542,.703,282,862,387,178,103,337,409
116,Howard,27,17,10,.630,-5.64,-9.94,,7,3,,9,4,,5,6,,2050,1840,,1084,694,1537,.452,172,516,.333,490,672,.729,330,975,427,238,95,367,535
117,Idaho,26,14,12,.538,-0.77,-1.77,,6,7,,8,3,,5,8,,2066,1915,,1045,702,1553,.452,269,750,.359,393,527,.746,265,950,336,157,54,282,487
118,Idaho State,27,10,17,.370,-5.07,-0.48,,3,11,,6,5,,3,11,,2006,2052,,1086,680,1498,.454,211,632,.334,435,583,.746,293,881,324,144,110,300,461
119,Illinois,26,21,5,.808,27.17,11.17,,12,3,,13,2,,6,1,,2189,1773,,1050,742,1594,.465,290,815,.356,415,529,.784,342,1070,378,94,124,237,334
120,Illinois State,27,17,10,.630,6.96,0.08,,9,7,,11,2,,4,6,,2062,1838,,1085,741,1582,.468,233,664,.351,347,497,.698,265,986,374,158,66,300,455
121,Illinois-Chicago,27,15,12,.556,3.08,0.56,,10,6,,8,4,,6,7,,2027,1883,,1090,715,1596,.448,163,520,.313,434,590,.736,357,985,388,226,104,327,455
122,Incarnate Word,27,10,17,.370,-7.24,-1.58,,5,13,,8,5,,1,11,,2031,2022,,1080,710,1596,.445,233,618,.377,378,530,.713,334,945,317,145,73,308,497
123,Indiana,26,17,9,.654,18.53,9.53,,8,7,,13,2,,3,6,,2089,1855,,1055,701,1491,.470,266,764,.348,421,534,.788,230,884,450,129,72,264,479
124,Indiana State,27,10,17,.370,-2.87,-0.15,,3,13,,7,6,,3,10,,2028,2023,,1105,741,1584,.468,223,707,.315,323,476,.679,251,947,482,167,78,360,440
125,Iona,27,15,12,.556,-7.13,-7.20,,7,9,,9,3,,5,7,,1976,1974,,1090,698,1594,.438,256,726,.353,324,457,.709,253,926,376,190,80,307,432
126,Iowa,25,18,7,.720,19.22,7.14,,8,6,,12,2,,3,5,,1924,1622,,1000,674,1346,.501,200,544,.368,376,492,.764,225,747,389,183,55,239,449
127,Iowa State,26,23,3,.885,27.31,8.27,,10,3,,15,0,,4,3,,2175,1680,,1040,787,1558,.505,235,590,.398,366,550,.665,312,946,470,229,77,274,405
128,IU Indy,28,7,21,.250,-11.99,-3.88,,3,14,,5,7,,2,13,,2352,2466,,1125,889,1948,.456,271,844,.321,303,414,.732,327,925,569,257,93,335,627
129,Jackson State,26,9,17,.346,-18.29,-2.98,,8,5,,5,3,,4,12,,1826,2224,,1045,605,1528,.396,212,661,.321,404,526,.768,269,870,289,155,80,364,509
130,Jacksonville,27,10,17,.370,-11.82,-4.26,,5,9,,7,3,,2,13,,1941,1970,,1090,692,1539,.450,197,616,.320,360,508,.709,292,906,319,185,80,319,518
131,Jacksonville State,25,13,12,.520,-3.22,-2.67,,8,6,,9,6,,4,5,,1816,1672,,1000,605,1377,.439,194,555,.350,412,602,.684,279,929,302,153,79,294,424
132,James Madison,27,14,13,.519,-5.34,-4.11,,6,8,,10,3,,3,10,,1996,2014,,1090,686,1542,.445,245,694,.353,379,543,.698,295,989,354,143,122,316,520
133,Kansas,25,19,6,.760,23.26,14.14,,9,3,,12,1,,4,4,,1928,1700,,1010,685,1453,.471,185,523,.354,373,489,.763,236,970,368,135,153,262,359
134,Kansas City,26,4,22,.154,-17.70,-0.92,,1,11,,3,9,,1,13,,1829,2169,,1045,662,1576,.420,169,559,.302,336,481,.699,288,888,311,163,81,354,435
135,Kansas State,25,10,15,.400,9.02,9.50,,1,11,,8,7,,1,7,,2005,2017,,1000,731,1600,.457,248,681,.364,295,416,.709,279,871,444,172,93,319,487
136,Kennesaw State,25,14,11,.560,-0.76,-1.94,,6,8,,10,3,,3,6,,2128,1920,,1010,710,1596,.445,245,708,.346,463,670,.691,369,1052,366,175,134,302,502
137,Kent State,26,19,7,.731,0.01,-1.99,,10,3,,12,2,,5,5,,2235,2080,,1065,739,1614,.458,250,712,.351,507,682,.743,343,1051,428,174,96,362,504
138,Kentucky,25,17,8,.680,20.69,11.21,,8,4,,13,2,,3,4,,2041,1804,,1000,709,1509,.470,206,591,.349,417,576,.724,297,947,404,183,119,256,449
139,La Salle,25,7,18,.280,-3.97,4.40,,3,9,,5,5,,1,10,,1644,1816,,1000,581,1406,.413,125,430,.291,357,500,.714,297,877,337,169,61,306,400
140,Lafayette,27,8,19,.296,-13.05,-5.93,,5,9,,5,8,,3,11,,1845,1995,,1085,651,1563,.417,203,640,.317,340,499,.681,264,912,359,159,61,289,454
141,Lamar,27,12,15,.444,-3.37,-2.61,,7,11,,7,6,,5,8,,1931,1866,,1085,706,1614,.437,191,548,.349,328,459,.715,348,1015,399,175,123,316,472
142,Le Moyne,27,14,13,.519,-9.97,-8.47,,9,5,,8,3,,5,9,,1985,1980,,1080,683,1472,.464,205,594,.345,414,581,.713,229,938,392,161,95,364,472
143,Lehigh,27,12,15,.444,-10.25,-6.57,,8,6,,8,4,,3,10,,1985,2029,,1125,708,1541,.459,217,619,.351,352,488,.721,206,858,381,190,91,336,449
144,Liberty,25,22,3,.880,5.33,-1.44,,14,0,,12,0,,9,1,,1973,1693,,1005,712,1367,.521,262,652,.402,287,410,.700,145,750,439,164,87,213,345
145,Lindenwood,27,16,11,.593,-7.76,-6.85,,10,6,,9,4,,6,7,,2133,1967,,1080,775,1670,.464,159,517,.308,424,622,.682,338,1055,410,247,120,372,460
146,Lipscomb,27,16,11,.593,-2.77,-3.57,,9,5,,12,1,,4,10,,2190,2062,,1085,778,1686,.461,291,794,.366,343,448,.766,263,947,491,199,78,314,439
147,Little Rock,27,10,17,.370,-13.58,-7.26,,7,9,,5,4,,5,13,,1904,2019,,1080,714,1599,.447,177,498,.355,299,443,.675,309,901,381,225,111,355,415
148,Long Beach State,26,8,18,.308,-5.27,1.15,,4,10,,7,6,,1,12,,1928,2002,,1050,709,1552,.457,171,533,.321,339,462,.734,245,844,354,189,72,326,513
149,Long Island University,27,18,9,.667,-4.15,-6.19,,12,2,,9,1,,9,8,,1976,1921,,1085,739,1573,.470,163,460,.354,335,510,.657,327,974,371,213,144,366,482
150,Longwood,28,14,14,.500,-8.86,-7.78,,6,7,,10,4,,3,9,,2142,2043,,1140,749,1618,.463,172,547,.314,472,643,.734,327,1028,362,243,71,392,538
151,Louisiana,27,9,18,.333,-11.63,-5.00,,6,8,,6,7,,3,11,,1699,1878,,1080,599,1476,.406,211,628,.336,290,410,.707,256,820,289,147,91,303,510
152,Louisiana State,25,14,11,.560,13.40,8.00,,2,10,,9,5,,2,5,,2018,1883,,1010,692,1462,.473,166,517,.321,468,614,.762,279,921,363,155,96,269,452
153,Louisiana Tech,25,14,11,.560,-5.02,-2.93,,7,7,,12,2,,2,9,,1729,1612,,1015,636,1460,.436,138,474,.291,319,492,.648,336,980,299,176,115,307,403
154,Louisiana-Monroe,27,4,23,.148,-18.76,-5.00,,1,13,,3,9,,1,13,,1949,2250,,1090,649,1564,.415,210,642,.327,441,608,.725,251,879,324,172,96,347,373
155,Louisville,25,19,6,.760,25.95,9.99,,8,4,,13,2,,3,4,,2172,1773,,1000,729,1541,.473,291,816,.357,423,548,.772,294,997,447,175,84,289,469
156,Loyola (IL),26,6,20,.231,-8.34,2.31,,2,11,,4,10,,1,6,,1748,2025,,1040,603,1441,.418,211,684,.308,331,495,.669,289,888,359,102,100,339,432
157,Loyola (MD),27,11,16,.407,-12.69,-8.45,,7,7,,8,4,,2,11,,2028,2048,,1095,710,1625,.437,259,767,.338,349,502,.695,289,961,365,172,99,313,447
158,Loyola Marymount,28,13,15,.464,1.64,2.27,,4,11,,9,7,,3,7,,2104,2038,,1135,755,1646,.459,236,677,.349,358,513,.698,260,967,372,171,117,345,503
159,Maine,27,6,21,.222,-16.53,-8.03,,4,8,,4,7,,2,12,,1689,1872,,1080,602,1361,.442,160,510,.314,325,503,.646,180,757,331,209,91,343,459
160,Manhattan,28,12,16,.429,-14.62,-7.81,,8,9,,7,5,,3,11,,2109,2227,,1135,722,1674,.431,210,624,.337,455,574,.793,297,935,368,218,69,293,409
161,Marist,26,16,10,.615,-2.73,-8.29,,10,7,,10,3,,6,7,,1821,1650,,1045,670,1499,.447,169,526,.321,312,392,.796,250,930,395,181,74,292,437
162,Marquette,26,9,17,.346,7.34,9.07,,4,11,,9,5,,0,10,,1975,2020,,1055,701,1606,.436,215,668,.322,358,528,.678,299,901,410,239,82,296,447
163,Marshall,27,17,10,.630,-1.29,-3.75,,9,5,,12,3,,5,7,,2170,2056,,1080,770,1664,.463,279,757,.369,351,483,.727,317,1015,461,169,138,323,545
164,Maryland,25,10,15,.400,3.48,10.28,,3,11,,6,6,,2,7,,1785,1955,,1005,584,1431,.408,209,657,.318,408,568,.718,305,875,255,128,66,313,459
165,Maryland-Baltimore County,24,16,8,.667,-7.57,-11.21,,9,2,,9,2,,7,6,,1804,1653,,970,642,1374,.467,188,540,.348,332,445,.746,189,837,305,115,61,240,328
166,Maryland-Eastern Shore,27,8,19,.296,-16.59,-5.87,,4,6,,5,2,,2,17,,1721,1920,,1095,645,1450,.445,147,485,.303,284,400,.710,267,868,360,147,61,415,484
167,Massachusetts,26,15,11,.577,-1.24,-3.72,,6,7,,10,3,,2,6,,2106,1993,,1060,751,1600,.469,201,566,.355,403,600,.672,317,975,456,180,58,343,542
168,Massachusetts-Lowell,26,11,15,.423,-14.52,-6.95,,6,5,,7,3,,4,12,,1960,2010,,1040,708,1518,.466,154,466,.330,390,584,.668,316,973,318,140,82,342,389
169,McNeese State,27,22,5,.815,8.39,-1.49,,15,3,,12,0,,7,5,,2195,1804,,1080,773,1625,.476,186,564,.330,463,610,.759,345,948,390,280,122,258,507
170,Memphis,25,12,13,.480,7.28,6.28,,7,5,,10,3,,2,8,,1870,1845,,1005,661,1521,.435,170,533,.319,378,522,.724,329,929,342,231,104,354,503
171,Mercer,27,17,10,.630,-1.56,-4.52,,9,5,,12,0,,5,10,,2238,2005,,1080,773,1706,.453,240,709,.339,452,612,.739,351,1058,385,225,96,288,414
172,Mercyhurst,27,13,14,.481,-9.83,-8.87,,8,6,,9,2,,4,12,,1838,1782,,1091,707,1560,.453,164,506,.324,260,366,.710,248,870,402,202,102,264,483
173,Merrimack,27,18,9,.667,-3.62,-5.32,,14,2,,9,0,,8,7,,1846,1800,,1080,600,1425,.421,209,648,.323,437,565,.773,215,777,328,220,134,271,458
174,Miami (FL),25,20,5,.800,17.68,4.20,,9,3,,13,2,,6,1,,2089,1752,,1000,766,1508,.508,160,480,.333,395,588,.672,309,969,419,197,84,283,396
175,Miami (OH),25,25,0,1.000,6.92,-5.81,,12,0,,14,0,,10,0,,2315,1857,,1015,802,1497,.536,267,666,.401,444,579,.767,210,899,426,192,91,272,405
176,Michigan,25,24,1,.960,34.81,12.53,,14,1,,12,1,,8,0,,2265,1708,,1006,792,1542,.514,231,652,.354,450,615,.732,289,1039,484,154,153,304,402
177,Michigan State,25,20,5,.800,23.46,11.34,,10,4,,12,2,,4,3,,1970,1667,,1010,689,1478,.466,188,544,.346,404,535,.755,330,1031,463,137,108,296,404
178,Middle Tennessee,25,12,13,.480,0.58,3.08,,6,8,,8,4,,3,7,,1886,1823,,1025,667,1498,.445,239,695,.344,313,457,.685,281,914,361,156,111,287,441
179,Milwaukee,28,11,17,.393,-6.90,-1.76,,7,10,,7,6,,3,11,,2143,2227,,1120,768,1734,.443,206,646,.319,401,576,.696,354,1013,367,188,81,290,537
180,Minnesota,25,11,14,.440,9.63,7.59,,4,10,,10,4,,1,7,,1774,1723,,1015,600,1322,.454,207,620,.334,367,531,.691,232,810,433,170,69,269,397
181,Mississippi,25,11,14,.440,9.43,9.07,,3,9,,7,5,,2,6,,1851,1842,,1005,649,1489,.436,189,559,.338,364,494,.737,264,872,336,168,110,239,488
182,Mississippi State,25,12,13,.480,9.11,10.11,,4,8,,7,6,,4,3,,1934,1959,,1015,702,1572,.447,192,614,.313,338,499,.677,295,994,314,145,110,290,397
183,Mississippi Valley State,26,1,25,.038,-29.21,-5.61,,0,12,,1,8,,0,15,,1661,2215,,1050,593,1458,.407,135,444,.304,340,480,.708,237,785,312,193,70,400,544
184,Missouri,25,17,8,.680,11.91,6.19,,7,5,,13,2,,4,5,,2001,1858,,1005,704,1432,.492,182,522,.349,411,610,.674,300,916,366,168,90,308,442
185,Missouri State,25,13,12,.520,-3.01,-1.47,,7,7,,10,5,,3,7,,1878,1824,,1020,641,1443,.444,189,592,.319,407,604,.674,304,886,350,183,83,291,440
186,Monmouth,26,14,12,.538,-3.08,-3.40,,8,5,,8,4,,5,7,,1887,1851,,1055,665,1537,.433,177,507,.349,380,519,.732,303,926,366,206,124,295,414
187,Montana,26,14,12,.538,-0.42,0.30,,8,5,,9,6,,5,6,,2038,1906,,1040,709,1428,.496,211,588,.359,409,527,.776,186,918,408,151,64,360,464
188,Montana State,26,15,11,.577,1.61,0.01,,9,4,,9,2,,5,9,,2022,1839,,1045,707,1530,.462,252,689,.366,356,470,.757,253,869,295,182,72,263,413
189,Morehead State,27,15,12,.556,-10.95,-6.03,,11,5,,10,2,,4,10,,2057,2050,,1090,735,1581,.465,165,486,.340,422,575,.734,338,979,375,182,85,330,486
190,Morgan State,24,10,14,.417,-19.56,-8.79,,6,3,,6,5,,4,9,,1797,1887,,962,606,1412,.429,160,490,.327,425,579,.734,277,827,314,128,83,309,527
191,Mount St. Mary's,27,12,15,.444,-11.70,-6.32,,8,8,,6,5,,6,10,,1838,1947,,1085,642,1468,.437,214,650,.329,340,506,.672,280,990,369,152,84,421,486
192,Murray State,28,19,9,.679,5.30,0.48,,11,6,,11,3,,5,4,,2361,2226,,1120,798,1706,.468,267,768,.348,498,656,.759,333,1040,387,164,115,340,520
193,Navy,27,21,6,.778,-1.72,-9.40,,13,1,,12,1,,8,4,,2003,1731,,1095,701,1476,.475,170,487,.349,431,587,.734,278,993,432,203,78,315,401
194,NC State,26,18,8,.692,20.05,9.47,,9,4,,10,4,,6,2,,2209,1934,,1050,756,1580,.478,276,700,.394,421,551,.764,245,913,425,218,84,251,476
195,Nebraska,25,22,3,.880,22.96,9.56,,11,3,,13,2,,6,1,,1984,1649,,1005,705,1498,.471,275,763,.360,299,393,.761,218,889,460,179,68,236,363
196,Nevada,25,17,8,.680,11.77,6.77,,9,5,,12,2,,4,5,,1904,1779,,1015,623,1429,.436,178,469,.380,480,634,.757,289,894,356,165,96,233,447
197,Nevada-Las Vegas,25,13,12,.520,4.10,5.39,,8,6,,8,5,,5,4,,1980,1969,,1010,688,1487,.463,174,528,.330,430,618,.696,294,893,353,199,111,311,541
198,New Hampshire,24,8,16,.333,-14.51,-4.87,,4,7,,7,4,,1,12,,1681,1783,,980,599,1446,.414,191,608,.314,292,427,.684,248,854,267,149,55,276,442
199,New Haven,26,11,15,.423,-13.88,-5.83,,6,7,,7,5,,4,10,,1670,1730,,1040,610,1388,.439,170,550,.309,280,410,.683,215,824,324,177,59,302,362
200,New Mexico,25,19,6,.760,14.75,5.08,,10,4,,12,2,,6,3,,2020,1738,,1000,688,1499,.459,238,661,.360,406,542,.749,254,904,370,196,72,273,436
201,New Mexico State,25,12,13,.480,0.04,-0.87,,5,10,,7,5,,3,6,,1896,1778,,1005,658,1504,.438,201,587,.342,377,516,.731,305,939,340,169,83,268,496
202,New Orleans,27,12,15,.444,-3.81,0.16,,10,8,,5,4,,7,11,,2030,2137,,1090,671,1508,.445,170,514,.331,518,695,.745,317,1001,344,154,103,392,532
203,Niagara,26,7,19,.269,-16.36,-7.52,,4,12,,5,6,,2,12,,1647,1845,,1040,606,1382,.438,187,555,.337,248,345,.719,206,758,357,145,77,299,391
204,Nicholls State,27,11,16,.407,-7.07,-1.57,,10,8,,5,5,,6,11,,1995,2070,,1080,692,1576,.439,238,695,.342,373,562,.664,274,819,359,251,73,311,495
205,NJIT,27,15,12,.556,-13.35,-7.47,,10,2,,7,3,,8,9,,1867,1985,,1082,643,1562,.412,203,651,.312,378,536,.705,266,949,306,176,96,315,503
206,Norfolk State,27,13,14,.481,-12.28,-8.37,,6,4,,8,3,,4,9,,2038,1960,,1080,715,1542,.464,159,469,.339,449,664,.676,311,945,320,192,78,339,519
207,North Alabama,25,8,17,.320,-15.32,-5.01,,3,11,,4,7,,4,10,,1759,1958,,1010,617,1409,.438,151,485,.311,374,544,.688,272,843,259,170,99,283,375
208,North Carolina,25,20,5,.800,20.19,8.83,,8,4,,15,0,,3,4,,2045,1761,,1000,715,1501,.476,217,629,.345,398,575,.692,276,969,421,143,87,232,361
209,North Carolina A&T,24,10,14,.417,-8.78,-5.33,,3,10,,6,4,,3,9,,1792,1822,,965,600,1336,.449,137,436,.314,455,636,.715,263,907,285,139,98,307,443
210,North Carolina Central,24,10,14,.417,-16.69,-5.09,,6,3,,8,4,,2,10,,1740,1818,,960,604,1375,.439,149,458,.325,383,526,.728,261,776,350,210,91,297,432
211,North Dakota,29,15,14,.517,-9.16,-3.16,,9,4,,8,7,,7,6,,2237,2245,,1170,780,1777,.439,228,692,.329,449,641,.700,331,969,322,258,74,285,584
212,North Dakota State,27,21,6,.778,1.86,-4.76,,11,1,,11,1,,9,4,,2198,1917,,1100,785,1665,.471,249,684,.364,379,516,.734,320,964,412,234,82,297,399
213,North Florida,27,6,21,.222,-15.53,-1.89,,4,10,,4,6,,2,13,,2178,2420,,1085,758,1673,.453,315,864,.365,347,447,.776,257,873,396,133,38,349,492
214,North Texas,26,15,11,.577,2.01,0.80,,6,7,,10,4,,4,6,,1836,1720,,1055,637,1488,.428,145,489,.297,415,593,.700,316,901,325,258,118,314,503
215,Northeastern,24,6,18,.250,-8.25,-2.00,,2,11,,2,7,,3,11,,1803,1953,,965,660,1430,.462,186,547,.340,297,433,.686,229,745,367,177,81,280,451
216,Northern Arizona,27,10,17,.370,-9.48,-0.94,,4,10,,9,6,,1,10,,1960,2052,,1080,706,1501,.470,204,550,.371,344,507,.679,219,818,368,185,68,286,476
217,Northern Colorado,27,17,10,.630,0.61,-1.81,,7,7,,9,3,,7,6,,2240,2071,,1100,819,1669,.491,269,735,.366,333,440,.757,263,1000,465,116,68,305,489
218,Northern Illinois,24,8,16,.333,-12.93,-2.30,,3,9,,6,4,,2,12,,1705,1836,,960,576,1388,.415,198,629,.315,355,535,.664,309,860,306,151,46,364,450
219,Northern Iowa,27,17,10,.630,7.55,1.82,,9,7,,12,3,,4,6,,1866,1652,,1090,696,1497,.465,204,603,.338,270,384,.703,189,886,399,176,85,251,409
220,Northern Kentucky,27,16,11,.593,-2.86,-4.57,,8,8,,11,4,,5,7,,2239,2074,,1090,780,1666,.468,251,745,.337,428,597,.717,318,947,418,242,97,324,491
221,Northwestern,26,10,16,.385,11.85,10.85,,2,13,,7,6,,2,7,,1924,1898,,1045,686,1507,.455,161,517,.311,391,522,.749,239,826,444,141,100,223,462
222,Northwestern State,27,8,19,.296,-9.00,-1.40,,6,12,,6,6,,2,13,,1892,2009,,1085,644,1453,.443,167,502,.333,437,587,.744,241,836,337,185,63,319,462
223,Notre Dame,26,12,14,.462,10.18,8.95,,3,10,,9,5,,2,7,,1941,1909,,1055,681,1510,.451,231,637,.363,348,503,.692,292,961,321,120,59,301,451
224,Oakland,27,14,13,.519,-0.53,1.36,,10,6,,6,3,,7,9,,2234,2217,,1080,779,1646,.473,189,550,.344,487,650,.749,296,946,421,206,99,284,399
225,Ohio,26,13,13,.500,-3.81,-0.39,,7,6,,9,4,,3,7,,2017,2023,,1045,722,1546,.467,179,587,.305,394,565,.697,262,877,352,169,91,299,468
226,Ohio State,25,16,9,.640,17.23,9.83,,8,6,,11,3,,4,4,,2024,1839,,1015,705,1446,.488,195,569,.343,419,533,.786,253,866,369,127,64,264,448
227,Oklahoma,25,13,12,.520,12.79,7.07,,3,9,,9,4,,2,6,,2086,1943,,1005,722,1542,.468,247,691,.357,395,536,.737,295,913,363,157,91,250,439
228,Oklahoma State,25,16,9,.640,12.12,8.72,,4,8,,13,3,,1,5,,2118,2033,,1005,736,1572,.468,195,562,.347,451,615,.733,276,943,386,188,71,310,439
229,Old Dominion,28,10,18,.357,-6.31,-2.87,,6,9,,7,6,,3,12,,2093,2146,,1130,738,1681,.439,210,618,.340,407,563,.723,267,994,367,160,91,301,530
230,Omaha,28,14,14,.500,-6.09,-2.92,,7,6,,9,4,,5,8,,2176,2158,,1125,767,1623,.473,245,674,.364,397,542,.732,258,969,384,169,73,318,468
231,Oral Roberts,27,6,21,.222,-12.33,-0.25,,1,11,,5,8,,0,12,,1937,2128,,1090,646,1556,.415,225,724,.311,420,565,.743,285,922,312,154,96,365,530
232,Oregon,25,9,16,.360,9.37,12.01,,2,12,,8,6,,1,6,,1806,1872,,1005,612,1432,.427,208,632,.329,374,521,.718,299,875,352,147,100,302,407
233,Oregon State,28,14,14,.500,0.28,3.53,,7,8,,10,5,,4,6,,1966,2057,,1135,621,1464,.424,229,650,.352,495,641,.772,227,886,369,158,106,332,506
234,Pacific,28,17,11,.607,5.09,1.66,,8,7,,11,2,,4,9,,2077,1907,,1125,750,1577,.476,207,561,.369,370,485,.763,320,1073,432,160,66,372,512
235,Penn State,26,11,15,.423,5.30,8.88,,2,13,,8,6,,2,7,,1961,2054,,1040,702,1505,.466,187,574,.326,370,492,.752,235,774,328,191,43,255,406
236,Pennsylvania,23,13,10,.565,-1.69,-1.64,,6,4,,10,2,,3,7,,1761,1715,,920,607,1368,.444,179,475,.377,368,532,.692,270,835,326,145,79,252,386
237,Pepperdine,27,7,20,.259,-6.36,4.44,,2,12,,6,9,,1,10,,1908,2133,,1090,664,1567,.424,183,603,.303,397,526,.755,286,899,363,156,75,352,410
238,Pittsburgh,26,9,17,.346,7.72,9.57,,2,11,,7,9,,1,7,,1818,1866,,1045,654,1508,.434,213,644,.331,297,448,.663,313,902,342,169,84,295,436
239,Portland,27,12,15,.444,-1.26,4.47,,5,9,,11,5,,1,10,,2033,2122,,1090,727,1569,.463,165,550,.300,414,562,.737,265,923,459,163,82,367,481
240,Portland State,24,17,7,.708,1.04,-2.34,,11,2,,9,2,,8,5,,1866,1674,,970,674,1421,.474,160,481,.333,358,506,.708,275,898,366,180,96,296,489
241,Prairie View,26,10,16,.385,-14.77,-6.86,,5,8,,8,3,,1,12,,2098,2086,,1040,702,1581,.444,156,484,.322,538,710,.758,250,848,303,225,110,322,521
242,Presbyterian,27,13,14,.481,-9.28,-5.44,,6,6,,9,3,,3,11,,1937,1930,,1090,699,1479,.473,139,437,.318,400,593,.675,308,960,358,149,120,356,464
243,Princeton,25,8,17,.320,-6.84,-1.67,,4,6,,7,3,,1,10,,1727,1810,,1010,583,1387,.420,209,622,.336,352,470,.749,245,842,317,117,56,267,409
244,Providence,26,11,15,.423,11.53,9.49,,4,11,,9,5,,1,7,,2273,2220,,1075,780,1639,.476,237,674,.352,476,619,.769,297,1022,385,145,111,318,501
245,Purdue,25,21,4,.840,25.93,11.89,,11,3,,11,2,,7,2,,2066,1715,,1005,757,1508,.502,232,614,.378,320,433,.739,283,922,496,144,72,233,362
246,Purdue Fort Wayne,27,15,12,.556,-6.62,-1.78,,9,7,,11,3,,4,9,,2123,2075,,1080,766,1632,.469,257,724,.355,334,466,.717,211,805,379,241,91,265,412
247,Queens (NC),27,15,12,.556,-3.73,-4.07,,10,4,,11,2,,4,9,,2276,2256,,1085,787,1635,.481,276,775,.356,426,583,.731,286,908,431,149,80,295,544
248,Quinnipiac,28,18,10,.643,-4.39,-6.39,,11,6,,10,4,,8,6,,2114,2000,,1125,761,1757,.433,209,595,.351,383,551,.695,347,1027,390,228,130,315,455
249,Radford,27,14,13,.519,-6.08,-4.92,,7,5,,10,5,,4,6,,2219,2139,,1090,750,1655,.453,258,757,.341,461,648,.711,315,971,363,215,94,340,507
250,Rhode Island,25,14,11,.560,3.75,0.07,,5,7,,8,5,,4,4,,1804,1712,,1010,612,1360,.450,182,583,.312,398,554,.718,267,817,285,222,93,315,457
251,Rice,26,11,15,.423,-4.66,0.51,,5,8,,7,7,,3,7,,1942,1948,,1060,664,1575,.422,235,667,.352,379,550,.689,369,994,321,184,103,315,486
252,Richmond,26,14,12,.538,3.58,0.54,,4,9,,10,6,,3,5,,2023,1919,,1045,680,1513,.449,232,632,.367,431,564,.764,240,899,377,188,60,266,467
253,Rider,25,3,22,.120,-18.68,-3.76,,2,14,,3,8,,0,14,,1588,1914,,1000,580,1459,.398,110,395,.278,318,460,.691,323,885,260,134,88,289,409
254,Robert Morris,28,18,10,.643,-2.48,-4.56,,10,7,,11,3,,7,7,,2186,2062,,1145,808,1708,.473,256,688,.372,314,458,.686,378,1064,507,155,71,356,533
255,Rutgers,25,10,15,.400,3.42,9.06,,3,11,,9,6,,0,7,,1750,1891,,1016,595,1451,.410,166,518,.320,394,542,.727,297,863,278,147,91,265,422
256,Sacramento State,25,9,16,.360,-6.97,0.67,,5,8,,9,2,,0,14,,1972,2058,,1005,644,1529,.421,197,581,.339,487,625,.779,256,881,326,182,85,279,465
257,Sacred Heart,28,12,16,.429,-11.03,-7.77,,8,9,,7,5,,5,11,,2135,2166,,1125,721,1646,.438,301,825,.365,392,504,.778,292,968,419,172,74,344,426
258,Saint Francis (PA),26,6,20,.231,-18.97,-4.72,,4,9,,5,6,,1,12,,1857,2115,,1045,661,1560,.424,209,614,.340,326,469,.695,271,848,358,198,54,331,485
259,Saint Joseph's,25,15,10,.600,0.09,0.36,,7,5,,10,3,,3,7,,1839,1784,,1005,641,1505,.426,206,677,.304,351,469,.748,306,974,389,144,124,311,363
260,Saint Louis,25,24,1,.960,21.28,0.24,,12,0,,16,0,,7,0,,2269,1683,,1000,800,1539,.520,288,704,.409,381,518,.736,271,1052,486,185,84,305,457
261,Saint Mary's (CA),27,23,4,.852,17.50,4.47,,12,2,,15,0,,6,2,,2120,1727,,1080,717,1550,.463,214,558,.384,472,585,.807,328,1084,430,155,93,291,422
262,Saint Peter's,24,15,9,.625,-6.33,-7.33,,12,4,,12,1,,3,8,,1734,1645,,965,583,1420,.411,177,562,.315,391,524,.746,337,859,311,223,85,267,483
263,Sam Houston,25,17,8,.680,3.79,0.24,,9,5,,9,1,,6,7,,2074,1849,,1000,737,1576,.468,218,598,.365,382,531,.719,338,1023,387,187,75,303,449
264,Samford,27,15,12,.556,-4.71,-4.79,,8,6,,9,3,,5,8,,2113,2020,,1095,701,1570,.446,252,730,.345,459,672,.683,251,985,400,125,81,242,435
265,San Diego,28,11,17,.393,-2.72,3.21,,5,10,,9,7,,2,9,,2115,2194,,1130,760,1707,.445,252,726,.347,343,452,.759,293,894,450,229,80,353,513
266,San Diego State,24,18,6,.750,15.54,7.32,,12,2,,12,1,,5,2,,1915,1664,,985,682,1414,.482,167,464,.360,384,512,.750,243,854,378,203,111,296,447
267,San Francisco,28,15,13,.536,4.64,3.90,,7,8,,9,4,,3,7,,2101,2036,,1130,698,1595,.438,252,726,.347,453,629,.720,310,1029,390,143,85,304,487
268,San Jose State,25,6,19,.240,-3.18,6.58,,1,13,,5,8,,0,10,,1754,1934,,1005,605,1422,.425,194,542,.358,350,472,.742,260,745,266,144,47,269,440
269,Santa Clara,28,22,6,.786,16.39,5.32,,13,2,,13,1,,7,2,,2343,2014,,1120,861,1817,.474,275,808,.340,346,473,.732,362,1006,481,260,110,317,549
270,Seattle,27,16,11,.593,4.49,3.21,,5,9,,12,3,,3,7,,1958,1817,,1085,694,1570,.442,198,594,.333,372,528,.705,254,907,370,215,133,325,446
271,Seton Hall,26,18,8,.692,13.74,7.05,,8,7,,11,3,,5,4,,1864,1690,,1040,671,1527,.439,128,407,.314,394,549,.718,331,942,345,246,147,287,490
272,Siena,27,18,9,.667,-4.09,-8.97,,11,5,,7,4,,9,5,,1917,1785,,1080,704,1510,.466,146,480,.304,363,485,.748,276,917,363,172,78,279,381
273,South Alabama,27,19,8,.704,-4.17,-6.37,,9,5,,8,2,,8,6,,2011,1874,,1100,712,1530,.465,186,540,.344,401,606,.662,237,969,313,222,60,236,328
274,South Carolina,25,11,14,.440,7.32,6.80,,2,10,,10,6,,1,6,,1911,1898,,1015,644,1461,.441,197,643,.306,426,539,.790,229,826,343,142,61,248,441
275,South Carolina State,24,6,18,.250,-23.00,-5.86,,4,4,,5,4,,1,14,,1561,1918,,960,541,1344,.403,148,443,.334,331,520,.637,265,744,278,170,90,353,519
276,South Carolina Upstate,27,11,16,.407,-9.52,-4.06,,3,9,,8,5,,3,11,,2042,2018,,1100,728,1643,.443,201,589,.341,385,568,.678,299,999,347,175,123,338,497
277,South Dakota,27,14,13,.519,-8.18,-4.39,,6,6,,10,5,,3,8,,2189,2191,,1100,737,1618,.456,193,571,.338,522,700,.746,309,942,340,181,68,332,407
278,South Dakota State,27,12,15,.444,-2.17,-2.17,,5,7,,8,3,,3,8,,2046,1960,,1085,744,1602,.464,214,628,.341,344,490,.702,288,995,383,164,68,301,443
279,South Florida,26,18,8,.692,11.24,2.96,,10,3,,10,2,,7,3,,2308,2040,,1065,760,1712,.444,253,758,.334,535,731,.732,397,1109,447,232,115,301,519
280,Southeast Missouri State,27,16,11,.593,-6.33,-7.00,,11,5,,9,4,,6,7,,2045,1929,,1080,727,1580,.460,178,579,.307,413,603,.685,263,904,353,181,94,320,527
281,Southeastern Louisiana,27,8,19,.296,-8.69,-2.38,,5,13,,5,5,,1,14,,1731,1869,,1085,591,1446,.409,164,577,.284,385,563,.684,275,874,312,191,75,344,483
282,Southern,26,12,14,.462,-10.65,-4.78,,8,5,,7,2,,5,12,,2088,2041,,1055,732,1618,.452,178,534,.333,446,639,.698,315,941,377,254,96,317,500
283,Southern California,25,18,7,.720,13.54,9.49,,7,7,,9,3,,5,4,,2032,1896,,1020,688,1466,.469,156,486,.321,500,695,.719,288,932,382,164,140,315,474
284,Southern Illinois,27,12,15,.444,3.36,1.79,,6,10,,7,6,,4,8,,2001,1919,,1095,748,1630,.459,129,468,.276,376,555,.677,297,1024,364,218,101,331,484
285,SIU Edwardsville,27,17,10,.630,-7.36,-9.36,,10,6,,8,5,,8,5,,1951,1754,,1085,701,1567,.447,196,555,.353,353,515,.685,305,1001,359,206,107,317,439
286,Southern Indiana,26,5,21,.192,-15.85,-7.85,,2,14,,3,10,,2,9,,1781,1919,,1050,605,1574,.384,205,660,.311,366,569,.643,337,978,264,170,107,322,456
287,Southern Methodist,25,17,8,.680,18.62,9.98,,6,6,,13,2,,3,5,,2155,1939,,1010,779,1575,.495,207,548,.378,390,512,.762,306,953,441,185,94,287,429
288,Southern Mississippi,28,14,14,.500,-6.36,-4.17,,7,8,,9,3,,3,10,,2054,2052,,1130,706,1590,.444,144,493,.292,498,673,.740,309,1024,318,213,105,361,530
289,Southern Utah,26,9,17,.346,-10.31,0.52,,5,8,,6,4,,2,13,,1978,2069,,1045,713,1561,.457,192,567,.339,360,498,.723,270,944,368,141,113,368,422
290,St. Bonaventure,25,14,11,.560,2.01,1.01,,3,9,,8,5,,4,4,,1915,1851,,1005,707,1494,.473,172,468,.368,329,438,.751,292,864,400,188,116,289,401
291,St. John's (NY),25,20,5,.800,22.16,9.92,,13,1,,12,2,,7,0,,2108,1802,,1005,715,1556,.460,182,526,.346,496,684,.725,339,968,398,204,120,268,445
292,St. Thomas,28,21,7,.750,3.17,-5.24,,10,3,,12,1,,8,5,,2350,2035,,1120,837,1634,.512,274,745,.368,402,582,.691,195,923,479,226,70,267,436
293,Stanford,26,16,10,.615,11.77,8.89,,5,8,,10,6,,3,4,,1961,1886,,1040,658,1532,.430,235,682,.345,410,566,.724,298,888,312,205,92,287,469
294,Stephen F. Austin,27,24,3,.889,5.84,-4.41,,17,1,,14,0,,10,3,,2094,1763,,1080,758,1677,.452,246,670,.367,332,496,.669,347,1035,377,190,100,253,439
295,Stetson,27,9,18,.333,-14.32,-3.96,,5,9,,7,4,,2,13,,1964,2175,,1085,685,1540,.445,238,686,.347,356,525,.678,267,900,396,174,54,346,414
296,Stonehill,27,9,18,.333,-15.70,-8.14,,6,8,,6,4,,3,13,,1756,1852,,1095,632,1533,.412,198,616,.321,294,425,.692,280,1011,335,128,104,376,432
297,Stony Brook,27,16,11,.593,-4.42,-3.66,,8,6,,11,3,,4,7,,1943,1891,,1095,679,1598,.425,257,728,.353,328,458,.716,283,956,369,179,106,301,426
298,Syracuse,27,15,12,.556,10.95,8.13,,6,8,,12,4,,2,5,,2053,1977,,1100,745,1583,.471,193,577,.334,370,585,.632,286,940,355,178,169,303,446
299,Tarleton State,26,13,13,.500,-3.64,-1.14,,4,9,,9,4,,4,9,,1958,1885,,1055,684,1506,.454,120,381,.315,470,623,.754,277,852,295,288,82,390,515
300,TCU,25,16,9,.640,15.09,8.29,,6,6,,11,5,,3,4,,1972,1802,,1015,686,1510,.454,189,560,.338,411,576,.714,292,895,397,187,124,283,416
301,Temple,25,15,10,.600,0.60,-1.90,,7,5,,9,4,,5,3,,1867,1761,,1005,620,1395,.444,179,521,.344,448,599,.748,260,858,326,138,108,231,435
302,Tennessee,25,18,7,.720,22.05,10.29,,8,4,,13,1,,3,4,,2026,1732,,1015,708,1509,.469,176,500,.352,434,622,.698,395,1082,438,186,86,316,455
303,Tennessee State,26,17,9,.654,-8.12,-8.64,,11,5,,8,2,,8,7,,2101,1979,,1045,758,1657,.457,158,504,.313,427,564,.757,340,981,352,243,92,316,490
304,Tennessee Tech,27,11,16,.407,-13.97,-7.97,,6,10,,6,6,,5,10,,2016,2046,,1080,709,1569,.452,192,590,.325,406,545,.745,306,978,345,165,80,367,453
305,Tennessee-Martin,27,20,7,.741,-4.06,-9.02,,12,4,,11,1,,8,5,,1958,1715,,1080,664,1522,.436,225,711,.316,405,603,.672,379,1098,380,243,119,400,463
306,Texas,25,16,9,.640,17.96,8.37,,7,5,,11,3,,3,4,,2130,1859,,1005,719,1459,.493,190,549,.346,502,667,.753,317,977,320,155,69,279,486
307,Texas A&M,25,17,8,.680,17.81,6.57,,7,5,,12,3,,4,4,,2245,1964,,1015,754,1622,.465,287,775,.370,450,600,.750,308,951,482,211,85,279,490
308,Texas A&M-Corpus Christi,27,14,13,.519,-2.58,-0.41,,10,8,,8,5,,6,8,,1979,1845,,1085,696,1548,.450,164,484,.339,423,628,.674,315,985,360,215,85,346,551
309,Texas Southern,24,9,15,.375,-13.73,-4.82,,7,6,,7,4,,2,11,,1790,1904,,971,622,1380,.451,154,458,.336,392,552,.710,238,828,259,163,72,338,476
310,Texas State,28,17,11,.607,-7.01,-6.59,,9,6,,15,1,,2,8,,2084,1984,,1130,765,1626,.470,134,407,.329,420,552,.761,320,1011,374,246,107,359,498
311,Texas Tech,25,19,6,.760,23.19,13.55,,9,3,,12,1,,4,3,,2050,1809,,1005,727,1565,.465,287,738,.389,309,436,.709,302,943,402,160,88,262,406
312,Texas-Rio Grande Valley,27,15,12,.556,0.64,-1.32,,11,7,,8,5,,7,7,,2038,1874,,1080,725,1554,.467,248,675,.367,340,451,.754,275,952,450,168,79,316,479
313,The Citadel,27,9,18,.333,-16.88,-5.55,,6,8,,7,6,,2,11,,1867,2057,,1100,652,1561,.418,251,774,.324,312,447,.698,284,910,336,145,61,295,439
314,Toledo,26,13,13,.500,-0.86,-1.16,,7,6,,8,4,,4,8,,2102,2018,,1040,762,1598,.477,185,520,.356,393,511,.769,282,886,409,198,80,276,393
315,Towson,27,14,13,.519,-1.17,-0.37,,6,8,,9,3,,2,9,,1874,1808,,1080,687,1620,.424,173,589,.294,327,481,.680,372,1067,279,170,78,295,422
316,Troy,27,17,10,.630,0.05,-2.75,,9,5,,8,3,,8,6,,2205,2016,,1130,758,1690,.449,264,764,.346,425,581,.731,343,1037,439,230,88,322,455
317,Tulane,25,15,10,.600,-0.86,0.55,,6,6,,9,6,,5,2,,1817,1839,,1005,581,1354,.429,191,598,.319,464,605,.767,192,777,322,198,120,272,439
318,Tulsa,26,20,6,.769,11.30,1.55,,8,5,,10,2,,6,4,,2226,1898,,1040,737,1522,.484,262,683,.384,490,625,.784,291,994,391,161,64,277,429
319,UAB,26,16,10,.615,4.04,0.12,,7,6,,7,8,,7,2,,2075,1921,,1055,745,1706,.437,149,525,.284,436,626,.696,356,1074,365,216,87,235,378
320,UC Davis,26,16,10,.615,-0.27,-0.72,,9,6,,12,3,,4,7,,2025,1931,,1040,678,1497,.453,228,633,.360,441,590,.747,251,878,415,210,72,338,475
321,UC Irvine,26,17,9,.654,3.15,-1.35,,10,4,,9,3,,5,5,,2019,1768,,1050,741,1600,.463,151,453,.333,386,566,.682,305,1056,421,198,156,325,421
322,UC Riverside,27,8,19,.296,-8.81,0.31,,3,12,,5,6,,3,13,,1940,2102,,1080,681,1561,.436,196,609,.322,382,524,.729,275,926,340,138,112,364,506
323,UC San Diego,27,18,9,.667,3.38,-0.94,,8,7,,8,5,,6,4,,2061,1898,,1080,733,1600,.458,234,695,.337,361,524,.689,266,1010,396,202,72,312,437
324,UC Santa Barbara,26,17,9,.654,1.90,-2.02,,10,5,,10,2,,5,6,,2059,1899,,1050,702,1460,.481,238,619,.384,417,550,.758,283,896,387,183,59,323,472
325,UCF,24,17,7,.708,13.27,9.19,,6,6,,12,3,,3,4,,1962,1864,,960,711,1509,.471,198,533,.371,342,459,.745,303,895,383,131,69,275,414
326,UCLA,25,17,8,.680,16.85,9.41,,9,5,,14,1,,3,4,,1948,1762,,1010,679,1450,.468,190,499,.381,400,524,.763,255,818,386,162,80,237,433
327,UNC Asheville,26,12,14,.462,-4.81,-3.55,,6,6,,8,6,,3,8,,1919,1867,,1045,670,1459,.459,184,514,.358,395,563,.702,268,902,293,150,88,318,466
328,UNC Greensboro,27,12,15,.444,-10.83,-4.83,,8,6,,8,5,,3,7,,2124,2168,,1095,717,1579,.454,226,627,.360,464,663,.700,281,970,353,144,49,274,439
329,UNC Wilmington,26,22,4,.846,2.87,-4.93,,11,2,,13,2,,9,2,,2003,1743,,1040,677,1502,.451,200,563,.355,449,653,.688,333,1033,348,133,63,258,445
330,UT Arlington,25,14,11,.560,-1.82,-1.56,,6,7,,8,3,,6,7,,1804,1703,,1015,629,1396,.451,132,437,.302,414,578,.716,303,924,318,193,98,355,490
331,Utah,25,9,16,.360,6.72,9.88,,1,11,,8,6,,0,8,,1909,1988,,1005,676,1491,.453,202,573,.353,355,488,.727,258,864,344,145,84,283,419
332,Utah State,25,22,3,.880,19.35,5.47,,12,2,,11,1,,7,2,,2117,1728,,1005,754,1470,.513,218,596,.366,391,550,.711,285,895,454,226,79,276,473
333,Utah Tech,27,16,11,.593,-2.44,-0.61,,9,4,,10,2,,5,8,,2077,1987,,1105,757,1605,.472,209,609,.343,354,497,.712,272,941,392,206,89,333,441
334,Utah Valley,25,18,7,.720,6.44,-0.93,,8,4,,12,0,,3,7,,2038,1703,,1005,754,1478,.510,175,510,.343,355,501,.709,298,922,481,245,138,367,457
335,UTEP,26,10,16,.385,-5.52,0.26,,6,9,,8,6,,2,8,,1815,1868,,1055,638,1488,.429,190,561,.339,349,502,.695,269,852,322,202,97,306,477
336,UTSA,25,5,20,.200,-14.87,1.52,,1,12,,2,9,,2,10,,1739,2016,,1000,619,1552,.399,186,638,.292,315,456,.691,311,905,274,167,109,308,433
337,Valparaiso,27,14,13,.519,-0.14,1.01,,8,8,,11,4,,3,9,,1926,1916,,1095,664,1585,.419,188,573,.328,410,583,.703,332,995,306,162,102,287,480
338,Vanderbilt,25,21,4,.840,23.96,9.16,,8,4,,12,2,,6,2,,2210,1840,,1005,747,1544,.484,249,693,.359,467,599,.780,263,910,426,215,125,242,490
339,Vermont,27,17,10,.630,-5.71,-9.15,,9,3,,9,3,,7,5,,2030,1886,,1095,717,1527,.470,240,689,.348,356,486,.733,242,952,359,120,81,261,467
340,Villanova,25,20,5,.800,17.86,9.22,,11,3,,11,2,,7,2,,1944,1728,,1010,681,1481,.460,246,679,.362,336,486,.691,307,890,379,186,53,255,400
341,Virginia,25,22,3,.880,20.45,6.45,,10,2,,12,1,,7,1,,2035,1685,,1025,705,1526,.462,249,703,.354,376,536,.701,354,1042,417,163,145,270,460
342,Virginia Commonwealth,26,20,6,.769,13.16,2.16,,11,2,,12,2,,6,2,,2171,1885,,1040,709,1524,.465,247,678,.364,506,682,.742,303,965,377,193,122,288,460
343,VMI,27,6,21,.222,-20.31,-5.27,,1,13,,5,8,,1,11,,1955,2147,,1080,656,1636,.401,295,894,.330,348,482,.722,282,908,341,201,69,281,461
344,Virginia Tech,26,17,9,.654,12.70,8.27,,6,7,,12,3,,3,4,,2058,1943,,1070,710,1579,.450,219,620,.353,419,570,.735,287,913,365,174,87,274,439
345,Wagner,25,9,16,.360,-13.11,-7.51,,4,10,,6,5,,3,11,,1791,1839,,1020,647,1466,.441,185,526,.352,312,443,.704,305,925,321,141,62,323,469
346,Wake Forest,25,13,12,.520,12.93,10.25,,4,8,,9,6,,2,4,,1992,1925,,1010,681,1509,.451,228,670,.340,402,525,.766,255,827,364,216,88,281,465
347,Washington,26,13,13,.500,15.37,10.95,,5,10,,9,5,,3,7,,1998,1883,,1050,725,1585,.457,171,532,.321,377,496,.760,313,970,357,152,112,283,449
348,Washington State,27,11,16,.407,4.52,5.86,,6,8,,8,5,,1,9,,2068,2098,,1080,719,1526,.471,254,691,.368,376,509,.739,265,928,361,154,82,362,489
349,Weber State,27,13,14,.481,-2.81,-2.37,,7,7,,9,5,,4,9,,2202,2082,,1090,772,1656,.466,197,558,.353,461,634,.727,319,1009,375,197,43,302,509
350,West Georgia,26,12,14,.462,-12.02,-5.15,,6,8,,8,5,,4,9,,1971,2078,,1050,720,1641,.439,190,547,.347,341,483,.706,316,946,336,174,130,290,432
351,West Virginia,25,16,9,.640,12.93,6.57,,7,5,,13,2,,3,3,,1753,1594,,1010,607,1366,.444,198,584,.339,341,502,.679,259,880,323,157,66,278,376
352,Western Carolina,25,10,15,.400,-8.54,-2.63,,6,8,,7,3,,3,12,,1952,1975,,1010,710,1602,.443,217,653,.332,315,452,.697,348,972,331,159,74,298,491
353,Western Illinois,27,5,22,.185,-22.52,-7.64,,1,15,,4,8,,1,14,,1766,2065,,1085,615,1532,.401,152,501,.303,384,568,.676,294,887,218,145,54,317,439
354,Western Kentucky,25,14,11,.560,0.17,0.26,,7,7,,10,4,,3,5,,1937,1866,,1005,629,1585,.397,211,643,.328,468,619,.756,351,1010,322,190,68,264,489
355,Western Michigan,25,9,16,.360,-8.66,-2.35,,3,9,,7,5,,2,11,,1871,1983,,1000,667,1503,.444,184,526,.350,353,484,.729,290,922,329,124,65,310,464
356,Wichita State,26,16,10,.615,8.46,2.14,,8,5,,12,3,,4,4,,2005,1821,,1060,709,1599,.443,193,559,.345,394,584,.675,382,1053,309,161,104,266,456
357,William & Mary,26,16,10,.615,1.99,-1.43,,7,7,,9,2,,5,8,,2175,1999,,1040,746,1547,.482,227,667,.340,456,615,.741,243,931,480,211,103,326,442
358,Winthrop,27,19,8,.704,0.74,-4.30,,11,1,,11,1,,7,7,,2296,2014,,1085,750,1677,.447,268,765,.350,528,713,.741,369,1095,415,195,79,293,506
359,Wisconsin,25,18,7,.720,18.61,10.53,,10,4,,13,2,,4,2,,2092,1890,,1015,698,1551,.450,280,792,.354,416,535,.778,266,920,396,142,79,231,439
360,Wofford,27,17,10,.630,-6.35,-6.35,,9,5,,9,3,,8,7,,2137,2079,,1080,732,1612,.454,243,694,.350,430,598,.719,303,946,379,153,89,261,462
361,Wright State,27,17,10,.630,0.20,-3.68,,12,4,,9,4,,7,5,,2167,1968,,1085,771,1584,.487,197,550,.358,428,589,.727,307,954,383,205,124,301,465
362,Wyoming,25,13,12,.520,8.33,4.91,,4,10,,11,4,,1,8,,1936,1830,,1000,660,1463,.451,204,617,.331,412,556,.741,304,901,347,167,61,289,531
363,Xavier,25,13,12,.520,8.24,9.00,,5,9,,11,4,,1,7,,1944,1963,,1005,696,1589,.438,238,650,.366,314,444,.707,253,871,448,172,103,253,448
364,Yale,24,20,4,.833,6.90,-2.29,,8,2,,8,2,,8,2,,2000,1716,,970,701,1401,.500,213,508,.419,385,503,.765,252,846,392,129,68,225,376
365,Youngstown State,27,13,14,.481,-3.47,-4.56,,6,10,,8,5,,4,8,,2144,1967,,1085,748,1604,.466,279,797,.350,369,496,.744,309,945,399,202,101,349,479
