,,Overall,Overall,Overall,Overall,Overall,Overall,,Conf.,Conf.,,Home,Home,,Away,Away,,Points,Points,,Opponent,Opponent,Opponent,Opponent,Opponent,Opponent,Opponent,Opponent,Opponent,Opponent,Opponent,Opponent,Opponent,Opponent,Opponent,Opponent,Opponent
Rk,School,G,W,L,W-L%,SRS,SOS,,W,L,,W,L,,W,L,,Tm.,Opp.,,MP,FG,FGA,FG%,3P,3PA,3P%,FT,FTA,FT%,ORB,TRB,AST,STL,BLK,TOV,PF
1,Abilene Christian,26,12,14,.462,-5.96,-0.53,,4,9,,8,4,,3,9,,1823,1838,,1045,606,1265,.479,149,400,.373,477,658,.725,211,804,298,221,119,429,458
2,Air Force,25,3,22,.120,-13.09,4.47,,0,14,,3,12,,0,9,,1536,1975,,1000,695,1422,.489,206,552,.373,379,528,.718,251,880,375,205,83,261,447
3,Akron,25,20,5,.800,9.34,-2.18,,11,1,,13,0,,5,3,,2247,1873,,1000,654,1536,.426,231,667,.346,334,455,.734,290,841,339,152,80,349,389
4,Alabama,25,18,7,.720,23.03,13.95,,8,4,,9,3,,5,2,,2294,2067,,1000,730,1708,.427,189,597,.317,418,608,.688,342,1012,345,163,86,233,499
5,Alabama A&M,26,15,11,.577,-12.87,-9.83,,8,5,,11,3,,3,7,,1849,1859,,1040,635,1470,.432,183,551,.332,406,562,.722,262,899,367,167,80,295,494
6,Alabama State,26,9,17,.346,-12.47,-6.71,,6,7,,5,2,,3,13,,1926,2014,,1040,671,1494,.449,215,623,.345,457,616,.742,279,926,368,205,104,379,461
7,Albany (NY),26,9,17,.346,-14.35,-6.65,,5,6,,5,4,,3,10,,1885,1922,,1040,669,1486,.450,204,582,.351,380,514,.739,268,860,363,173,87,291,361
8,Alcorn State,25,6,19,.240,-19.65,-4.13,,5,8,,3,3,,2,16,,1672,2060,,997,726,1426,.509,187,524,.357,421,580,.726,291,916,408,192,96,324,357
9,American,27,14,13,.519,-7.05,-5.33,,7,7,,11,4,,3,9,,2026,1944,,1080,658,1443,.456,184,540,.341,444,613,.724,260,923,344,181,78,362,461
10,Appalachian State,28,18,10,.643,-3.00,-5.27,,10,5,,10,3,,7,7,,1993,1800,,1125,626,1617,.387,209,682,.306,339,485,.699,302,965,332,143,73,265,521
11,Arizona,25,23,2,.920,29.74,10.10,,10,2,,13,1,,6,1,,2206,1715,,1005,611,1569,.389,183,580,.316,310,449,.690,266,782,306,160,98,322,493
12,Arizona State,25,13,12,.520,10.75,11.19,,4,8,,7,5,,2,6,,1968,1979,,1000,685,1486,.461,210,598,.351,399,526,.759,294,901,370,173,94,339,514
13,Arkansas,25,19,6,.760,23.43,11.15,,9,3,,14,1,,4,3,,2219,1912,,1000,693,1590,.436,196,634,.309,330,469,.704,296,862,355,128,71,294,445
14,Arkansas State,27,16,11,.593,-0.33,-2.81,,7,7,,9,4,,7,7,,2227,2093,,1095,727,1640,.443,209,647,.323,430,609,.706,271,898,365,241,91,318,502
15,Arkansas-Pine Bluff,26,11,15,.423,-14.26,-3.96,,8,5,,6,2,,5,13,,2013,2145,,1045,719,1567,.459,198,591,.335,509,687,.741,302,956,398,204,89,318,431
16,Army,27,10,17,.370,-15.04,-6.32,,4,10,,6,8,,4,8,,1954,2090,,1105,719,1544,.466,228,647,.352,424,573,.740,245,949,388,194,87,294,436
17,Auburn,25,14,11,.560,18.60,13.68,,5,7,,9,3,,2,5,,2099,1976,,1010,682,1491,.457,216,606,.356,396,520,.762,270,819,354,164,108,296,508
18,Austin Peay,25,19,6,.760,0.15,-5.98,,13,1,,12,0,,7,6,,2051,1778,,1000,636,1454,.437,190,600,.317,316,456,.693,263,875,346,166,84,367,440
19,Ball State,25,8,17,.320,-11.85,-3.81,,3,9,,5,6,,2,10,,1659,1751,,1000,613,1351,.454,194,569,.341,331,432,.766,234,893,332,142,96,328,400
20,Baylor,25,13,12,.520,16.33,11.41,,3,9,,9,5,,2,5,,2084,1903,,1000,688,1554,.443,184,541,.340,343,458,.749,290,818,332,173,80,280,471
21,Bellarmine,26,11,15,.423,-8.96,-3.80,,6,8,,8,3,,2,12,,2063,2109,,1050,729,1516,.481,299,776,.385,352,482,.730,280,848,447,158,75,271,446
22,Belmont,28,24,4,.857,9.55,-0.34,,14,3,,11,2,,11,2,,2346,2032,,1130,684,1709,.400,281,840,.335,383,514,.745,321,935,364,196,80,353,502
23,Bethune-Cookman,26,13,13,.500,-9.13,-4.69,,10,3,,8,1,,5,10,,1943,2013,,1055,694,1574,.441,175,541,.323,450,622,.723,300,937,339,226,75,312,487
24,Binghamton,27,5,22,.185,-21.54,-9.67,,1,11,,5,8,,0,13,,1808,2032,,1105,728,1562,.466,212,596,.356,364,522,.697,259,920,343,193,89,244,487
25,Boise State,25,15,10,.600,12.87,8.78,,7,7,,9,4,,4,4,,1983,1864,,1030,664,1442,.460,194,534,.363,342,483,.708,193,741,312,148,72,262,520
26,Boston College,25,9,16,.360,3.62,5.50,,2,10,,8,7,,1,6,,1686,1733,,1020,621,1464,.424,169,546,.310,322,492,.654,261,938,299,155,87,258,425
27,Boston University,28,13,15,.464,-7.98,-8.02,,8,7,,8,5,,4,10,,2145,2097,,1155,746,1611,.463,249,668,.373,356,494,.721,245,854,365,198,79,250,447
28,Bowling Green,26,16,10,.615,1.54,-3.72,,7,6,,9,5,,5,5,,2141,1825,,1045,627,1459,.430,209,627,.333,362,504,.718,232,859,350,171,94,408,487
29,Bradley,27,18,9,.667,3.85,0.23,,11,5,,12,2,,4,5,,2082,1955,,1105,673,1512,.445,217,623,.348,392,548,.715,265,993,354,129,86,384,481
30,Brigham Young,25,19,6,.760,22.40,10.44,,7,5,,10,2,,3,3,,2162,1863,,1005,674,1554,.434,200,606,.330,315,446,.706,267,850,361,152,73,287,476
31,Brown,23,8,15,.348,-8.88,-4.36,,2,8,,5,7,,3,8,,1617,1573,,940,537,1255,.428,164,518,.317,335,445,.753,208,786,285,162,79,313,352
32,Bryant,26,8,18,.308,-17.73,-6.64,,4,8,,7,4,,1,14,,1676,1880,,1045,674,1506,.448,193,539,.358,339,476,.712,280,923,361,212,62,256,397
33,Bucknell,27,8,19,.296,-14.24,-4.42,,5,9,,5,6,,3,10,,1815,2080,,1096,711,1520,.468,255,672,.379,403,544,.741,279,970,432,205,100,327,452
34,Buffalo,25,15,10,.600,-2.51,-4.69,,5,7,,6,6,,7,4,,1966,1871,,1005,671,1440,.466,206,610,.338,323,443,.729,249,823,388,168,62,295,438
35,Butler,26,13,13,.500,11.32,8.40,,4,11,,9,6,,1,7,,2073,1997,,1060,750,1653,.454,199,598,.333,298,420,.710,290,902,394,177,132,291,540
36,Cal Poly,27,11,16,.407,-5.01,0.39,,7,8,,6,6,,5,9,,2196,2303,,1085,810,1761,.460,270,759,.356,413,567,.728,320,1005,435,201,84,346,538
37,Cal State Bakersfield,26,8,18,.308,-11.51,-0.68,,2,12,,6,8,,2,10,,1875,2082,,1040,700,1534,.456,198,581,.341,484,676,.716,333,981,377,195,98,350,491
38,Cal State Fullerton,27,13,14,.481,-2.56,0.68,,8,7,,8,3,,4,10,,2246,2223,,1080,772,1663,.464,265,758,.350,414,569,.728,272,1039,437,163,77,415,552
39,Cal State Northridge,26,16,10,.615,-0.64,-0.72,,9,5,,12,1,,4,7,,2132,2054,,1040,682,1615,.422,266,790,.337,424,563,.753,257,923,386,206,102,332,488
40,California,26,18,8,.692,12.20,6.84,,6,7,,14,3,,3,5,,2053,1897,,1050,670,1551,.432,196,641,.306,361,550,.656,296,949,372,129,95,295,481
41,California Baptist,26,19,7,.731,1.55,-2.68,,9,4,,12,0,,6,6,,1896,1786,,1055,621,1487,.418,148,490,.302,396,543,.729,247,843,288,171,101,290,482
42,Campbell,26,12,14,.462,-3.64,0.74,,6,7,,8,3,,3,11,,2077,2042,,1040,747,1523,.490,159,434,.366,389,529,.735,251,850,371,189,96,331,512
43,Canisius,27,8,19,.296,-17.33,-7.33,,3,13,,6,7,,2,12,,1702,1921,,1085,666,1470,.453,220,660,.333,369,510,.724,259,925,382,173,92,297,419
44,Central Arkansas,27,17,10,.630,-1.21,-4.01,,12,2,,13,1,,4,9,,2161,1989,,1095,694,1568,.443,281,829,.339,320,448,.714,236,939,426,175,91,377,446
45,Central Connecticut State,25,15,10,.600,-9.92,-9.14,,9,5,,7,3,,8,7,,1877,1768,,1005,637,1501,.424,204,618,.330,290,384,.755,264,826,353,159,60,240,396
46,Central Michigan,25,8,17,.320,-8.60,-2.12,,4,8,,7,4,,0,12,,1849,1933,,1000,670,1461,.459,198,578,.343,395,582,.679,295,893,392,196,76,302,420
47,Charleston Southern,27,12,15,.444,-6.79,-6.25,,3,9,,8,3,,4,11,,2240,2145,,1100,733,1758,.417,167,538,.310,512,731,.700,322,1044,289,230,80,258,459
48,Charlotte,25,13,12,.520,-0.75,-0.05,,7,5,,9,5,,4,5,,1839,1852,,1020,637,1418,.449,193,561,.344,385,547,.704,267,787,307,163,73,235,435
49,Chattanooga,27,10,17,.370,-11.30,-5.55,,4,10,,6,7,,4,9,,2016,1994,,1080,660,1564,.422,208,657,.317,466,646,.721,295,976,353,159,63,269,435
50,Chicago State,27,6,21,.222,-16.44,-3.75,,4,10,,4,5,,2,16,,1784,2091,,1085,704,1472,.478,280,796,.352,403,543,.742,281,975,512,152,89,361,416
51,Cincinnati,26,14,12,.538,13.93,8.63,,6,7,,13,3,,1,6,,1879,1741,,1040,617,1502,.411,196,615,.319,311,445,.699,249,905,342,155,61,342,434
52,Clemson,26,20,6,.769,17.61,7.49,,10,3,,11,2,,6,3,,1945,1682,,1050,574,1419,.405,181,592,.306,353,473,.746,227,829,265,149,87,305,473
53,Cleveland State,27,10,17,.370,-11.91,-2.75,,6,10,,6,6,,3,10,,2169,2291,,1080,794,1704,.466,260,761,.342,443,580,.764,350,974,457,185,114,297,523
54,Coastal Carolina,27,16,11,.593,-6.92,-5.46,,8,6,,7,4,,8,7,,1985,1946,,1110,667,1690,.395,197,628,.314,415,593,.700,293,1040,263,154,67,242,451
55,Colgate,28,16,12,.571,-4.95,-4.53,,10,5,,7,4,,6,8,,2124,2056,,1145,720,1647,.437,226,671,.337,390,538,.725,291,953,389,168,64,308,455
56,College of Charleston,27,17,10,.630,-0.97,-2.04,,10,4,,10,4,,5,4,,2045,1996,,1090,722,1738,.415,237,752,.315,315,456,.691,343,1005,377,179,86,273,534
57,Colorado,26,14,12,.538,10.91,9.41,,4,9,,11,4,,1,7,,2081,2042,,1050,716,1558,.460,218,580,.376,392,538,.729,266,898,358,147,89,287,490
58,Colorado State,25,15,10,.600,8.19,4.40,,6,8,,10,4,,3,5,,1899,1758,,1000,621,1380,.450,215,622,.346,301,437,.689,230,722,301,160,50,244,471
59,Columbia,24,15,9,.625,-2.49,-4.08,,4,6,,8,3,,7,6,,1878,1740,,970,614,1426,.431,176,509,.346,336,459,.732,233,734,357,165,89,233,385
60,Connecticut,26,24,2,.923,23.90,9.78,,14,1,,13,1,,8,1,,2061,1694,,1050,565,1414,.400,148,499,.297,416,580,.717,266,815,271,148,85,325,459
61,Coppin State,27,6,21,.222,-25.79,-7.40,,4,6,,2,5,,4,13,,1756,2193,,1080,727,1549,.469,259,678,.382,480,648,.741,309,978,458,246,111,331,475
62,Cornell,23,12,11,.522,-1.52,-2.99,,5,5,,5,3,,7,8,,2078,1935,,930,679,1422,.477,205,543,.378,372,524,.710,234,772,373,157,60,273,403
63,Creighton,26,13,13,.500,10.71,9.82,,7,8,,10,4,,2,7,,1977,1954,,1045,745,1638,.455,187,526,.356,277,402,.689,302,930,369,180,80,251,420
64,Dartmouth,23,10,13,.435,-6.46,-2.51,,4,6,,5,7,,5,6,,1761,1735,,925,633,1438,.440,180,566,.318,289,401,.721,241,807,319,177,76,222,404
65,Davidson,25,15,10,.600,5.40,3.83,,6,6,,9,6,,5,3,,1848,1717,,1010,612,1367,.448,164,503,.326,329,486,.677,257,831,280,154,68,305,415
66,Dayton,25,16,9,.640,6.96,2.52,,7,5,,12,2,,3,5,,1896,1785,,1015,616,1401,.440,211,586,.360,342,485,.705,263,865,320,186,91,391,521
67,Delaware,25,9,16,.360,-7.17,-2.38,,5,9,,4,8,,4,7,,1672,1796,,1015,626,1468,.426,215,634,.339,329,430,.765,267,858,363,188,74,227,353
68,Delaware State,25,6,19,.240,-22.53,-8.86,,1,9,,5,5,,1,13,,1524,1783,,1005,632,1322,.478,167,475,.352,352,501,.703,218,866,355,167,97,344,406
69,Denver,28,13,15,.464,-4.88,-1.20,,6,7,,7,5,,6,10,,2331,2315,,1120,838,1734,.483,239,648,.369,400,574,.697,313,955,360,175,84,250,514
70,DePaul,25,13,12,.520,6.90,5.42,,5,9,,11,4,,1,7,,1793,1756,,1000,605,1401,.432,171,475,.360,375,528,.710,262,849,351,180,90,309,444
71,Detroit Mercy,25,12,13,.480,-7.31,-2.92,,9,7,,6,5,,6,8,,1932,1964,,1000,667,1503,.444,213,656,.325,417,579,.720,270,872,393,158,81,256,460
72,Drake,28,12,16,.429,-0.90,1.02,,6,11,,6,9,,4,6,,2149,2115,,1130,739,1668,.443,270,739,.365,367,538,.682,284,1015,405,170,76,295,491
73,Drexel,27,13,14,.481,-5.24,-4.63,,7,7,,10,4,,3,8,,1852,1834,,1080,634,1516,.418,159,518,.307,407,540,.754,285,922,305,201,80,298,440
74,Duke,26,24,2,.923,30.60,10.79,,13,1,,13,0,,8,1,,2157,1642,,1040,596,1520,.392,211,681,.310,239,338,.707,246,773,307,172,63,335,474
75,Duquesne,25,15,10,.600,4.87,1.48,,7,5,,10,5,,5,4,,2060,1911,,1020,649,1472,.441,197,581,.339,416,566,.735,260,858,352,186,97,329,451
76,East Carolina,25,9,16,.360,-6.29,0.09,,4,8,,6,8,,3,6,,1757,1909,,1005,669,1506,.444,214,611,.350,357,489,.730,291,907,364,176,85,287,472
77,East Tennessee State,27,19,8,.704,0.98,-7.35,,11,3,,13,3,,6,5,,2115,1839,,1090,628,1501,.418,231,717,.322,352,488,.721,254,862,349,158,76,363,411
78,East Texas A&M,28,11,17,.393,-10.14,-0.98,,6,12,,6,6,,4,11,,1979,2087,,1120,733,1652,.444,222,614,.362,399,583,.684,310,1047,410,205,93,354,422
79,Eastern Illinois,27,11,16,.407,-13.18,-4.68,,7,9,,9,4,,2,12,,1815,1897,,1090,658,1523,.432,193,643,.300,388,523,.742,305,954,375,172,122,366,433
80,Eastern Kentucky,27,9,18,.333,-8.98,-3.54,,5,9,,7,5,,2,13,,2160,2179,,1095,754,1586,.475,227,641,.354,444,613,.724,287,970,403,193,72,326,455
81,Eastern Michigan,26,9,17,.346,-5.08,-1.24,,3,10,,6,5,,3,12,,1850,1908,,1050,669,1525,.439,180,540,.333,390,535,.729,272,922,349,164,103,297,421
82,Eastern Washington,26,9,17,.346,-3.15,0.74,,7,6,,6,3,,3,13,,2004,2083,,1050,725,1503,.482,210,589,.357,423,551,.768,259,850,366,194,74,302,480
83,Elon,27,14,13,.519,-3.01,-2.73,,6,8,,8,6,,6,7,,2186,2111,,1100,733,1628,.450,263,731,.360,382,548,.697,314,952,407,165,99,313,483
84,Evansville,26,6,20,.231,-7.74,3.42,,2,13,,4,8,,1,10,,1752,1949,,1050,690,1515,.455,222,632,.351,347,479,.724,257,928,380,205,56,294,435
85,Fairfield,27,16,11,.593,-8.32,-8.71,,8,8,,10,3,,6,8,,2040,1967,,1085,708,1573,.450,194,559,.347,357,471,.758,262,933,367,153,120,309,427
86,FDU,27,10,17,.370,-13.63,-6.42,,7,7,,8,5,,2,12,,1833,1882,,1085,650,1454,.447,208,592,.351,374,528,.708,239,889,317,167,80,303,458
87,Florida,25,19,6,.760,27.36,12.32,,10,2,,11,1,,5,2,,2162,1786,,1000,621,1533,.405,174,529,.329,370,515,.718,236,786,275,165,78,283,500
88,Florida A&M,24,10,14,.417,-16.25,-7.75,,7,6,,6,3,,3,11,,1677,1846,,965,623,1358,.459,167,474,.352,433,559,.775,254,841,307,209,80,333,441
89,Florida Atlantic,26,14,12,.538,5.44,2.82,,6,7,,9,4,,3,6,,2107,1958,,1050,674,1559,.432,202,582,.347,408,563,.725,267,894,314,194,70,313,447
90,Florida Gulf Coast,27,12,15,.444,-5.95,-3.79,,6,8,,9,6,,3,9,,2128,2105,,1090,697,1568,.445,254,716,.355,457,616,.742,268,925,368,185,94,321,450
91,Florida International,25,12,13,.480,-1.58,-0.13,,5,9,,10,5,,2,8,,2039,1944,,1010,667,1565,.426,241,706,.341,369,521,.708,328,938,413,193,91,382,475
92,Florida State,25,12,13,.480,9.86,7.90,,5,7,,9,5,,3,5,,2009,1960,,1000,680,1521,.447,228,669,.341,372,512,.727,291,968,379,180,98,358,449
93,Fordham,26,14,12,.538,0.25,-1.58,,5,8,,8,7,,4,4,,1840,1693,,1045,604,1446,.418,203,597,.340,282,407,.693,220,815,364,158,76,300,394
94,Fresno State,25,12,13,.480,4.64,4.19,,6,8,,9,6,,2,7,,1843,1795,,1000,641,1466,.437,187,646,.289,326,451,.723,264,869,328,190,85,344,474
95,Furman,27,17,10,.630,-2.96,-5.54,,8,6,,10,4,,6,4,,2073,1898,,1095,678,1635,.415,220,690,.319,322,444,.725,274,886,332,214,84,267,457
96,Gardner-Webb,27,3,24,.111,-23.88,-0.67,,1,11,,3,9,,0,13,,1856,2370,,1080,841,1672,.503,255,687,.371,433,597,.725,325,1063,475,225,92,300,426
97,George Mason,26,21,5,.808,6.58,-0.02,,9,4,,15,1,,4,4,,1938,1749,,1040,621,1479,.420,208,646,.322,299,417,.717,259,802,328,167,89,285,520
98,George Washington,26,15,11,.577,10.11,1.83,,6,7,,11,3,,2,5,,2163,1899,,1040,671,1521,.441,207,642,.322,350,491,.713,257,832,395,194,86,336,443
99,Georgetown,25,13,12,.520,8.68,6.60,,5,9,,9,5,,4,5,,1882,1830,,1015,624,1459,.428,205,608,.337,377,520,.725,277,873,331,145,81,278,460
100,Georgia,25,17,8,.680,18.79,6.83,,5,7,,11,4,,4,3,,2258,1959,,1020,710,1654,.429,197,601,.328,342,491,.697,358,965,340,180,93,365,481
101,Georgia Southern,27,15,12,.556,-7.57,-6.45,,7,7,,9,5,,6,5,,2190,2157,,1095,735,1638,.449,212,637,.333,475,644,.738,341,1077,335,178,90,375,514
102,Georgia State,27,9,18,.333,-10.64,-3.64,,6,8,,6,4,,3,12,,1903,2006,,1085,702,1609,.436,218,629,.347,384,557,.689,315,1048,380,162,77,324,494
103,Georgia Tech,26,11,15,.423,2.98,4.78,,2,11,,10,6,,1,7,,1937,1984,,1045,679,1620,.419,235,713,.330,391,555,.705,299,941,375,200,113,287,448
104,Gonzaga,27,25,2,.926,26.24,5.83,,13,1,,13,0,,7,1,,2366,1815,,1085,623,1559,.400,211,683,.309,358,505,.709,244,846,330,151,74,400,482
105,Grambling,25,11,14,.440,-10.82,-7.60,,5,7,,6,3,,3,11,,1765,1763,,1000,598,1373,.436,161,495,.325,406,565,.719,262,826,307,207,108,363,464
106,Grand Canyon,25,16,9,.640,10.59,4.07,,9,5,,11,3,,4,4,,1882,1719,,1005,578,1397,.414,175,545,.321,388,524,.740,228,791,291,164,70,309,505
107,Green Bay,28,15,13,.536,-5.31,-2.54,,10,7,,8,4,,5,8,,2101,2113,,1131,709,1556,.456,258,700,.369,437,596,.733,258,870,419,173,84,258,509
108,Hampton,26,12,14,.462,-7.31,-4.73,,6,7,,9,1,,2,9,,1822,1788,,1050,616,1405,.438,148,479,.309,408,614,.664,263,885,311,162,111,309,486
109,Harvard,24,14,10,.583,-1.90,-3.77,,7,3,,7,4,,7,5,,1699,1627,,970,583,1328,.439,175,544,.322,286,389,.735,226,764,307,158,63,270,352
110,Hawaii,24,18,6,.750,6.40,-3.74,,10,4,,14,1,,4,5,,1914,1627,,965,588,1448,.406,123,442,.278,328,492,.667,242,789,215,195,75,294,501
111,High Point,28,24,4,.857,7.20,-7.96,,12,1,,15,1,,6,2,,2570,1975,,1130,686,1570,.437,216,655,.330,387,554,.699,282,925,369,140,94,483,569
112,Hofstra,27,17,10,.630,2.73,-1.76,,8,6,,7,2,,8,8,,2046,1831,,1085,620,1565,.396,202,619,.326,389,548,.710,297,910,341,143,97,277,456
113,Holy Cross,27,9,18,.333,-13.00,-5.32,,4,10,,6,6,,2,12,,1823,1969,,1080,734,1551,.473,199,613,.325,302,417,.724,240,937,378,171,87,268,419
114,Houston,26,23,3,.885,25.88,9.65,,11,2,,13,0,,5,2,,2024,1602,,1045,533,1343,.397,181,575,.315,355,529,.671,279,867,292,119,60,371,415
115,Houston Christian,27,10,17,.370,-9.28,-3.08,,6,12,,8,4,,2,12,,1834,1967,,1085,723,1509,.479,204,575,.355,317,446,.711,271,889,394,192,86,320,432
116,Howard,27,17,10,.630,-5.64,-9.94,,7,3,,9,4,,5,6,,2050,1840,,1084,616,1467,.420,164,525,.312,444,628,.707,281,861,286,161,112,416,529
117,Idaho,26,14,12,.538,-0.77,-1.77,,6,7,,8,3,,5,8,,2066,1915,,1045,653,1497,.436,194,560,.346,415,565,.735,224,870,308,167,62,292,486
118,Idaho State,27,10,17,.370,-5.07,-0.48,,3,11,,6,5,,3,11,,2006,2052,,1086,727,1531,.475,205,577,.355,393,511,.769,237,793,348,177,81,277,524
119,Illinois,26,21,5,.808,27.17,11.17,,12,3,,13,2,,6,1,,2189,1773,,1050,667,1650,.404,218,686,.318,221,307,.720,262,800,340,149,66,198,491
120,Illinois State,27,17,10,.630,6.96,0.08,,9,7,,11,2,,4,6,,2062,1838,,1085,656,1538,.427,173,537,.322,353,511,.691,240,884,329,162,76,306,472
121,Illinois-Chicago,27,15,12,.556,3.08,0.56,,10,6,,8,4,,6,7,,2027,1883,,1090,643,1517,.424,223,693,.322,374,501,.747,297,894,420,178,113,384,492
122,Incarnate Word,27,10,17,.370,-7.24,-1.58,,5,13,,8,5,,1,11,,2031,2022,,1080,697,1478,.472,177,518,.342,451,626,.720,260,882,359,170,86,292,449
123,Indiana,26,17,9,.654,18.53,9.53,,8,7,,13,2,,3,6,,2089,1855,,1055,630,1520,.414,173,560,.309,422,558,.756,273,862,298,148,79,273,462
124,Indiana State,27,10,17,.370,-2.87,-0.15,,3,13,,7,6,,3,10,,2028,2023,,1105,756,1691,.447,185,575,.322,326,476,.685,308,981,325,215,115,296,426
125,Iona,27,15,12,.556,-7.13,-7.20,,7,9,,9,3,,5,7,,1976,1974,,1090,720,1652,.436,202,652,.310,332,465,.714,321,1022,407,184,90,318,424
126,Iowa,25,18,7,.720,19.22,7.14,,8,6,,12,2,,3,5,,1924,1622,,1000,561,1250,.449,154,478,.322,346,476,.727,221,719,276,121,69,340,458
127,Iowa State,26,23,3,.885,27.31,8.27,,10,3,,15,0,,4,3,,2175,1680,,1040,605,1453,.416,198,620,.319,272,386,.705,251,787,327,178,88,392,440
128,IU Indy,28,7,21,.250,-11.99,-3.88,,3,14,,5,7,,2,13,,2352,2466,,1125,831,1650,.504,230,601,.383,574,779,.737,324,1089,454,207,87,449,411
129,Jackson State,26,9,17,.346,-18.29,-2.98,,8,5,,5,3,,4,12,,1826,2224,,1045,756,1616,.468,225,662,.340,487,668,.729,353,1065,470,201,106,289,465
130,Jacksonville,27,10,17,.370,-11.82,-4.26,,5,9,,7,3,,2,13,,1941,1970,,1090,679,1456,.466,182,520,.350,430,612,.703,240,843,344,189,67,293,433
131,Jacksonville State,25,13,12,.520,-3.22,-2.67,,8,6,,9,6,,4,5,,1816,1672,,1000,556,1399,.397,183,607,.301,377,510,.739,253,836,275,160,80,283,480
132,James Madison,27,14,13,.519,-5.34,-4.11,,6,8,,10,3,,3,10,,1996,2014,,1090,677,1576,.430,204,609,.335,456,637,.716,305,963,326,171,95,240,445
133,Kansas,25,19,6,.760,23.26,14.14,,9,3,,12,1,,4,4,,1928,1700,,1010,614,1594,.385,206,688,.299,266,411,.647,310,896,295,165,81,235,401
134,Kansas City,26,4,22,.154,-17.70,-0.92,,1,11,,3,9,,1,13,,1829,2169,,1045,797,1654,.482,218,625,.349,357,504,.708,319,1012,411,212,97,306,460
135,Kansas State,25,10,15,.400,9.02,9.50,,1,11,,8,7,,1,7,,2005,2017,,1000,704,1552,.454,201,590,.341,408,563,.725,300,915,403,183,95,317,389
136,Kennesaw State,25,14,11,.560,-0.76,-1.94,,6,8,,10,3,,3,6,,2128,1920,,1010,615,1513,.406,193,567,.340,497,677,.734,280,891,286,194,110,307,499
137,Kent State,26,19,7,.731,0.01,-1.99,,10,3,,12,2,,5,5,,2235,2080,,1065,709,1633,.434,237,695,.341,425,587,.724,281,885,389,199,78,316,547
138,Kentucky,25,17,8,.680,20.69,11.21,,8,4,,13,2,,3,4,,2041,1804,,1000,616,1475,.418,184,591,.311,388,527,.736,272,852,348,164,77,276,456
139,La Salle,25,7,18,.280,-3.97,4.40,,3,9,,5,5,,1,10,,1644,1816,,1000,652,1428,.457,225,616,.365,287,416,.690,261,856,410,169,117,284,420
140,Lafayette,27,8,19,.296,-13.05,-5.93,,5,9,,5,8,,3,11,,1845,1995,,1085,718,1574,.456,212,606,.350,347,481,.721,272,994,420,151,105,298,461
141,Lamar,27,12,15,.444,-3.37,-2.61,,7,11,,7,6,,5,8,,1931,1866,,1085,626,1453,.431,191,534,.358,423,625,.677,262,882,358,197,88,310,418
142,Le Moyne,27,14,13,.519,-9.97,-8.47,,9,5,,8,3,,5,9,,1985,1980,,1080,683,1628,.420,227,624,.364,387,528,.733,306,953,371,208,85,300,485
143,Lehigh,27,12,15,.444,-10.25,-6.57,,8,6,,8,4,,3,10,,1985,2029,,1125,729,1630,.447,172,510,.337,399,536,.744,309,1006,334,225,80,325,467
144,Liberty,25,22,3,.880,5.33,-1.44,,14,0,,12,0,,9,1,,1973,1693,,1005,625,1429,.437,198,553,.358,245,348,.704,246,822,295,125,71,289,391
145,Lindenwood,27,16,11,.593,-7.76,-6.85,,10,6,,9,4,,6,7,,2133,1967,,1080,708,1664,.425,167,557,.300,384,578,.664,327,989,339,231,102,394,484
146,Lipscomb,27,16,11,.593,-2.77,-3.57,,9,5,,12,1,,4,10,,2190,2062,,1085,743,1644,.452,228,665,.343,348,484,.719,284,971,343,177,91,365,431
147,Little Rock,27,10,17,.370,-13.58,-7.26,,7,9,,5,4,,5,13,,1904,2019,,1080,721,1571,.459,236,646,.365,341,489,.697,318,960,389,206,65,369,404
148,Long Beach State,26,8,18,.308,-5.27,1.15,,4,10,,7,6,,1,12,,1928,2002,,1050,686,1454,.472,183,514,.356,447,587,.761,225,878,372,164,67,346,431
149,Long Island University,27,18,9,.667,-4.15,-6.19,,12,2,,9,1,,9,8,,1976,1921,,1085,693,1565,.443,164,525,.312,371,550,.675,314,910,329,201,98,351,455
150,Longwood,28,14,14,.500,-8.86,-7.78,,6,7,,10,4,,3,9,,2142,2043,,1140,702,1583,.443,217,680,.319,422,601,.702,273,893,353,221,94,413,518
151,Louisiana,27,9,18,.333,-11.63,-5.00,,6,8,,6,7,,3,11,,1699,1878,,1080,618,1364,.453,186,504,.369,456,628,.726,256,907,311,138,64,303,399
152,Louisiana State,25,14,11,.560,13.40,8.00,,2,10,,9,5,,2,5,,2018,1883,,1010,654,1508,.434,205,579,.354,370,546,.678,297,851,310,157,76,260,484
153,Louisiana Tech,25,14,11,.560,-5.02,-2.93,,7,7,,12,2,,2,9,,1729,1612,,1015,543,1387,.391,205,642,.319,321,466,.689,270,844,291,169,95,307,408
154,Louisiana-Monroe,27,4,23,.148,-18.76,-5.00,,1,13,,3,9,,1,13,,1949,2250,,1090,848,1762,.481,243,702,.346,311,443,.702,344,1087,474,214,112,313,500
155,Louisville,25,19,6,.760,25.95,9.99,,8,4,,13,2,,3,4,,2172,1773,,1000,607,1507,.403,197,610,.323,362,507,.714,262,843,292,162,83,305,468
156,Loyola (IL),26,6,20,.231,-8.34,2.31,,2,11,,4,10,,1,6,,1748,2025,,1040,685,1529,.448,259,671,.386,396,503,.787,268,879,421,191,102,223,449
157,Loyola (MD),27,11,16,.407,-12.69,-8.45,,7,7,,8,4,,2,11,,2028,2048,,1095,747,1604,.466,200,625,.320,354,500,.708,262,943,420,178,66,297,440
158,Loyola Marymount,28,13,15,.464,1.64,2.27,,4,11,,9,7,,3,7,,2104,2038,,1135,710,1689,.420,204,614,.332,414,549,.754,323,1013,361,178,60,332,493
159,Maine,27,6,21,.222,-16.53,-8.03,,4,8,,4,7,,2,12,,1689,1872,,1080,674,1498,.450,163,539,.302,361,516,.700,312,1002,359,176,75,349,461
160,Manhattan,28,12,16,.429,-14.62,-7.81,,8,9,,7,5,,3,11,,2109,2227,,1135,827,1772,.467,245,676,.362,328,446,.735,358,1069,508,158,109,317,484
161,Marist,26,16,10,.615,-2.73,-8.29,,10,7,,10,3,,6,7,,1821,1650,,1045,571,1419,.402,145,525,.276,363,520,.698,254,876,256,169,77,337,384
162,Marquette,26,9,17,.346,7.34,9.07,,4,11,,9,5,,0,10,,1975,2020,,1055,712,1583,.450,213,614,.347,383,507,.755,314,995,426,183,94,351,451
163,Marshall,27,17,10,.630,-1.29,-3.75,,9,5,,12,3,,5,7,,2170,2056,,1080,692,1619,.427,216,650,.332,456,638,.715,336,974,338,198,65,326,466
164,Maryland,25,10,15,.400,3.48,10.28,,3,11,,6,6,,2,7,,1785,1955,,1005,679,1443,.471,231,619,.373,366,511,.716,259,871,416,151,94,275,471
165,Maryland-Baltimore County,24,16,8,.667,-7.57,-11.21,,9,2,,9,2,,7,6,,1804,1653,,970,622,1433,.434,160,506,.316,249,368,.677,221,813,267,136,61,248,368
166,Maryland-Eastern Shore,27,8,19,.296,-16.59,-5.87,,4,6,,5,2,,2,17,,1721,1920,,1095,649,1479,.439,194,592,.328,428,583,.734,291,880,364,240,82,308,436
167,Massachusetts,26,15,11,.577,-1.24,-3.72,,6,7,,10,3,,2,6,,2106,1993,,1060,660,1468,.450,200,627,.319,473,656,.721,225,843,380,194,81,340,513
168,Massachusetts-Lowell,26,11,15,.423,-14.52,-6.95,,6,5,,7,3,,4,12,,1960,2010,,1040,741,1608,.461,201,596,.337,327,445,.735,261,844,356,224,106,268,455
169,McNeese State,27,22,5,.815,8.39,-1.49,,15,3,,12,0,,7,5,,2195,1804,,1080,580,1428,.406,225,679,.331,419,577,.726,321,893,338,124,69,451,473
170,Memphis,25,12,13,.480,7.28,6.28,,7,5,,10,3,,2,8,,1870,1845,,1005,604,1459,.414,193,650,.297,442,617,.716,320,910,341,208,109,353,448
171,Mercer,27,17,10,.630,-1.56,-4.52,,9,5,,12,0,,5,10,,2238,2005,,1080,713,1682,.424,243,719,.338,336,461,.729,324,986,342,167,93,358,505
172,Mercyhurst,27,13,14,.481,-9.83,-8.87,,8,6,,9,2,,4,12,,1838,1782,,1091,613,1411,.434,162,496,.327,394,568,.694,270,927,329,140,63,352,392
173,Merrimack,27,18,9,.667,-3.62,-5.32,,14,2,,9,0,,8,7,,1846,1800,,1080,624,1504,.415,137,473,.290,415,580,.716,389,1047,344,136,94,345,463
174,Miami (FL),25,20,5,.800,17.68,4.20,,9,3,,13,2,,6,1,,2089,1752,,1000,624,1451,.430,205,584,.351,299,441,.678,228,749,332,172,100,326,465
175,Miami (OH),25,25,0,1.000,6.92,-5.81,,12,0,,14,0,,10,0,,2315,1857,,1015,663,1545,.429,189,600,.315,342,461,.742,260,813,316,165,59,337,482
176,Michigan,25,24,1,.960,34.81,12.53,,14,1,,12,1,,8,0,,2265,1708,,1006,596,1608,.371,196,673,.291,320,434,.737,293,793,257,160,79,307,518
177,Michigan State,25,20,5,.800,23.46,11.34,,10,4,,12,2,,4,3,,1970,1667,,1010,564,1422,.397,208,662,.314,331,444,.745,203,716,322,168,74,260,469
178,Middle Tennessee,25,12,13,.480,0.58,3.08,,6,8,,8,4,,3,7,,1886,1823,,1025,636,1448,.439,169,514,.329,382,522,.732,244,865,299,160,60,279,387
179,Milwaukee,28,11,17,.393,-6.90,-1.76,,7,10,,7,6,,3,11,,2143,2227,,1120,776,1629,.476,239,661,.362,436,598,.729,268,966,440,158,96,317,490
180,Minnesota,25,11,14,.440,9.63,7.59,,4,10,,10,4,,1,7,,1774,1723,,1015,611,1391,.439,196,575,.341,305,424,.719,245,824,346,147,89,282,458
181,Mississippi,25,11,14,.440,9.43,9.07,,3,9,,7,5,,2,6,,1851,1842,,1005,610,1419,.430,207,616,.336,415,589,.705,288,917,350,150,77,284,440
182,Mississippi State,25,12,13,.480,9.11,10.11,,4,8,,7,6,,4,3,,1934,1959,,1015,696,1618,.430,188,618,.304,379,510,.743,290,950,352,167,112,232,427
183,Mississippi Valley State,26,1,25,.038,-29.21,-5.61,,0,12,,1,8,,0,15,,1661,2215,,1050,712,1487,.479,249,664,.375,542,710,.763,303,974,443,231,88,318,445
184,Missouri,25,17,8,.680,11.91,6.19,,7,5,,13,2,,4,5,,2001,1858,,1005,613,1459,.420,238,660,.361,394,520,.758,271,796,320,154,76,281,473
185,Missouri State,25,13,12,.520,-3.01,-1.47,,7,7,,10,5,,3,7,,1878,1824,,1020,639,1423,.449,169,504,.335,377,528,.714,263,848,327,168,108,305,470
186,Monmouth,26,14,12,.538,-3.08,-3.40,,8,5,,8,4,,5,7,,1887,1851,,1055,654,1512,.433,205,591,.347,338,474,.713,301,935,322,156,99,361,450
187,Montana,26,14,12,.538,-0.42,0.30,,8,5,,9,6,,5,6,,2038,1906,,1040,682,1589,.429,198,610,.325,344,502,.685,267,856,348,204,74,281,451
188,Montana State,26,15,11,.577,1.61,0.01,,9,4,,9,2,,5,9,,2022,1839,,1045,670,1506,.445,171,518,.330,328,424,.774,235,853,296,136,58,302,438
189,Morehead State,27,15,12,.556,-10.95,-6.03,,11,5,,10,2,,4,10,,2057,2050,,1090,710,1624,.437,227,653,.348,403,573,.703,342,918,407,189,91,306,496
190,Morgan State,24,10,14,.417,-19.56,-8.79,,6,3,,6,5,,4,9,,1797,1887,,962,626,1329,.471,150,457,.328,485,703,.690,260,853,361,165,83,299,456
191,Mount St. Mary's,27,12,15,.444,-11.70,-6.32,,8,8,,6,5,,6,10,,1838,1947,,1085,640,1579,.405,236,706,.334,431,576,.748,292,904,338,241,71,287,436
192,Murray State,28,19,9,.679,5.30,0.48,,11,6,,11,3,,5,4,,2361,2226,,1120,822,1764,.466,168,468,.359,414,574,.721,322,977,349,196,74,320,560
193,Navy,27,21,6,.778,-1.72,-9.40,,13,1,,12,1,,8,4,,2003,1731,,1095,617,1519,.406,202,691,.292,295,400,.738,243,827,317,174,77,334,529
194,NC State,26,18,8,.692,20.05,9.47,,9,4,,10,4,,6,2,,2209,1934,,1050,660,1505,.439,235,677,.347,379,557,.680,273,914,320,138,73,350,442
195,Nebraska,25,22,3,.880,22.96,9.56,,11,3,,13,2,,6,1,,1984,1649,,1005,588,1476,.398,218,729,.299,255,363,.702,255,875,352,122,69,328,391
196,Nevada,25,17,8,.680,11.77,6.77,,9,5,,12,2,,4,5,,1904,1779,,1015,594,1374,.432,201,597,.337,390,531,.734,239,838,333,129,98,287,506
197,Nevada-Las Vegas,25,13,12,.520,4.10,5.39,,8,6,,8,5,,5,4,,1980,1969,,1010,645,1423,.453,191,530,.360,488,668,.731,272,870,367,170,73,333,498
198,New Hampshire,24,8,16,.333,-14.51,-4.87,,4,7,,7,4,,1,12,,1681,1783,,980,619,1378,.449,165,499,.331,380,515,.738,225,890,301,151,96,273,401
199,New Haven,26,11,15,.423,-13.88,-5.83,,6,7,,7,5,,4,10,,1670,1730,,1040,629,1408,.447,184,530,.347,288,387,.744,224,860,306,157,62,302,390
200,New Mexico,25,19,6,.760,14.75,5.08,,10,4,,12,2,,6,3,,2020,1738,,1000,590,1444,.409,206,698,.295,352,473,.744,250,865,301,154,78,351,477
201,New Mexico State,25,12,13,.480,0.04,-0.87,,5,10,,7,5,,3,6,,1896,1778,,1005,572,1406,.407,186,601,.309,448,609,.736,265,862,280,151,86,284,420
202,New Orleans,27,12,15,.444,-3.81,0.16,,10,8,,5,4,,7,11,,2030,2137,,1090,712,1667,.427,222,676,.328,491,672,.731,362,957,435,214,104,283,560
203,Niagara,26,7,19,.269,-16.36,-7.52,,4,12,,5,6,,2,12,,1647,1845,,1040,638,1400,.456,203,580,.350,366,469,.780,262,879,335,168,76,275,390
204,Nicholls State,27,11,16,.407,-7.07,-1.57,,10,8,,5,5,,6,11,,1995,2070,,1080,716,1483,.483,193,546,.353,445,573,.777,281,987,394,161,85,402,467
205,NJIT,27,15,12,.556,-13.35,-7.47,,10,2,,7,3,,8,9,,1867,1985,,1082,677,1591,.426,208,650,.320,423,609,.695,315,1032,353,168,71,307,459
206,Norfolk State,27,13,14,.481,-12.28,-8.37,,6,4,,8,3,,4,9,,2038,1960,,1080,655,1495,.438,202,642,.315,448,629,.712,272,888,382,199,102,367,506
207,North Alabama,25,8,17,.320,-15.32,-5.01,,3,11,,4,7,,4,10,,1759,1958,,1010,690,1479,.467,242,659,.367,336,444,.757,267,869,394,186,83,248,443
208,North Carolina,25,20,5,.800,20.19,8.83,,8,4,,15,0,,3,4,,2045,1761,,1000,649,1583,.410,196,576,.340,267,383,.697,270,853,325,137,71,242,457
209,North Carolina A&T,24,10,14,.417,-8.78,-5.33,,3,10,,6,4,,3,9,,1792,1822,,965,631,1413,.447,188,522,.360,372,543,.685,236,797,362,159,74,250,501
210,North Carolina Central,24,10,14,.417,-16.69,-5.09,,6,3,,8,4,,2,10,,1740,1818,,960,619,1361,.455,201,577,.348,379,537,.706,307,895,347,156,102,362,429
211,North Dakota,29,15,14,.517,-9.16,-3.16,,9,4,,8,7,,7,6,,2237,2245,,1170,760,1571,.484,239,670,.357,486,692,.702,284,1037,451,151,96,432,540
212,North Dakota State,27,21,6,.778,1.86,-4.76,,11,1,,11,1,,9,4,,2198,1917,,1100,688,1531,.449,223,636,.351,318,425,.748,239,854,355,177,77,387,434
213,North Florida,27,6,21,.222,-15.53,-1.89,,4,10,,4,6,,2,13,,2178,2420,,1085,891,1801,.495,249,709,.351,389,554,.702,362,1051,458,215,99,267,418
214,North Texas,26,15,11,.577,2.01,0.80,,6,7,,10,4,,4,6,,1836,1720,,1055,570,1363,.418,152,511,.297,428,602,.711,298,908,278,178,110,411,463
215,Northeastern,24,6,18,.250,-8.25,-2.00,,2,11,,2,7,,3,11,,1803,1953,,965,686,1371,.500,177,488,.363,402,545,.738,248,857,352,154,87,298,394
216,Northern Arizona,27,10,17,.370,-9.48,-0.94,,4,10,,9,6,,1,10,,1960,2052,,1080,728,1535,.474,230,615,.374,366,489,.748,278,941,367,154,75,326,448
217,Northern Colorado,27,17,10,.630,0.61,-1.81,,7,7,,9,3,,7,6,,2240,2071,,1100,723,1625,.445,175,570,.307,450,594,.758,227,853,264,164,62,255,420
218,Northern Illinois,24,8,16,.333,-12.93,-2.30,,3,9,,6,4,,2,12,,1705,1836,,960,648,1361,.476,168,522,.322,372,516,.721,228,805,332,194,109,298,439
219,Northern Iowa,27,17,10,.630,7.55,1.82,,9,7,,12,3,,4,6,,1866,1652,,1090,589,1455,.405,166,601,.276,308,432,.713,228,910,289,157,75,316,388
220,Northern Kentucky,27,16,11,.593,-2.86,-4.57,,8,8,,11,4,,5,7,,2239,2074,,1090,733,1608,.456,222,625,.355,386,556,.694,304,949,378,181,67,386,505
221,Northwestern,26,10,16,.385,11.85,10.85,,2,13,,7,6,,2,7,,1924,1898,,1045,654,1507,.434,196,602,.326,394,540,.730,309,940,400,133,69,290,440
222,Northwestern State,27,8,19,.296,-9.00,-1.40,,6,12,,6,6,,2,13,,1892,2009,,1085,702,1508,.466,206,572,.360,399,569,.701,293,935,368,185,93,311,511
223,Notre Dame,26,12,14,.462,10.18,8.95,,3,10,,9,5,,2,7,,1941,1909,,1055,652,1499,.435,230,704,.327,375,502,.747,236,853,361,151,76,252,468
224,Oakland,27,14,13,.519,-0.53,1.36,,10,6,,6,3,,7,9,,2234,2217,,1080,835,1771,.471,247,739,.334,300,411,.730,342,997,544,147,129,308,519
225,Ohio,26,13,13,.500,-3.81,-0.39,,7,6,,9,4,,3,7,,2017,2023,,1045,707,1547,.457,195,536,.364,414,568,.729,293,932,347,158,78,325,497
226,Ohio State,25,16,9,.640,17.23,9.83,,8,6,,11,3,,4,4,,2024,1839,,1015,638,1480,.431,187,602,.311,376,509,.739,280,809,327,138,82,275,479
227,Oklahoma,25,13,12,.520,12.79,7.07,,3,9,,9,4,,2,6,,2086,1943,,1005,679,1513,.449,205,595,.345,380,508,.748,288,870,339,141,84,267,441
228,Oklahoma State,25,16,9,.640,12.12,8.72,,4,8,,13,3,,1,5,,2118,2033,,1005,709,1596,.444,237,690,.343,378,531,.712,290,924,405,173,105,319,476
229,Old Dominion,28,10,18,.357,-6.31,-2.87,,6,9,,7,6,,3,12,,2093,2146,,1130,727,1669,.436,191,600,.318,501,678,.739,308,1060,385,176,114,284,474
230,Omaha,28,14,14,.500,-6.09,-2.92,,7,6,,9,4,,5,8,,2176,2158,,1125,755,1687,.448,255,786,.324,393,528,.744,284,944,401,178,96,283,481
231,Oral Roberts,27,6,21,.222,-12.33,-0.25,,1,11,,5,8,,0,12,,1937,2128,,1090,737,1598,.461,210,574,.366,444,622,.714,296,981,326,214,87,298,480
232,Oregon,25,9,16,.360,9.37,12.01,,2,12,,8,6,,1,6,,1806,1872,,1005,646,1440,.449,201,581,.346,379,487,.778,264,840,332,171,72,263,436
233,Oregon State,28,14,14,.500,0.28,3.53,,7,8,,10,5,,4,6,,1966,2057,,1135,706,1626,.434,211,657,.321,434,587,.739,319,980,381,194,81,290,561
234,Pacific,28,17,11,.607,5.09,1.66,,8,7,,11,2,,4,9,,2077,1907,,1125,645,1550,.416,215,649,.331,402,563,.714,238,813,314,186,100,298,444
235,Penn State,26,11,15,.423,5.30,8.88,,2,13,,8,6,,2,7,,1961,2054,,1040,744,1503,.495,254,657,.387,312,408,.765,251,875,442,143,99,324,442
236,Pennsylvania,23,13,10,.565,-1.69,-1.64,,6,4,,10,2,,3,7,,1761,1715,,920,636,1396,.456,177,545,.325,266,397,.670,247,817,335,139,84,275,446
237,Pepperdine,27,7,20,.259,-6.36,4.44,,2,12,,6,9,,1,10,,1908,2133,,1090,773,1659,.466,246,687,.358,341,464,.735,305,969,415,209,101,312,494
238,Pittsburgh,26,9,17,.346,7.72,9.57,,2,11,,7,9,,1,7,,1818,1866,,1045,653,1419,.460,202,570,.354,358,468,.765,229,840,350,159,73,278,408
239,Portland,27,12,15,.444,-1.26,4.47,,5,9,,11,5,,1,10,,2033,2122,,1090,721,1625,.444,271,755,.359,409,543,.753,297,916,472,199,68,341,484
240,Portland State,24,17,7,.708,1.04,-2.34,,11,2,,9,2,,8,5,,1866,1674,,970,538,1321,.407,158,520,.304,440,588,.748,223,776,289,160,65,303,428
241,Prairie View,26,10,16,.385,-14.77,-6.86,,5,8,,8,3,,1,12,,2098,2086,,1040,704,1547,.455,195,558,.349,483,670,.721,317,1014,346,170,84,431,553
242,Presbyterian,27,13,14,.481,-9.28,-5.44,,6,6,,9,3,,3,11,,1937,1930,,1090,676,1526,.443,196,551,.356,382,544,.702,262,834,339,180,83,288,470
243,Princeton,25,8,17,.320,-6.84,-1.67,,4,6,,7,3,,1,10,,1727,1810,,1010,643,1420,.453,187,584,.320,337,466,.723,235,852,322,157,80,235,412
244,Providence,26,11,15,.423,11.53,9.49,,4,11,,9,5,,1,7,,2273,2220,,1075,773,1741,.444,252,683,.369,422,588,.718,327,938,426,205,86,256,506
245,Purdue,25,21,4,.840,25.93,11.89,,11,3,,11,2,,7,2,,2066,1715,,1005,623,1457,.428,216,670,.322,253,362,.699,225,732,347,139,59,273,429
246,Purdue Fort Wayne,27,15,12,.556,-6.62,-1.78,,9,7,,11,3,,4,9,,2123,2075,,1080,745,1605,.464,251,696,.361,334,435,.768,301,1008,398,130,73,384,429
247,Queens (NC),27,15,12,.556,-3.73,-4.07,,10,4,,11,2,,4,9,,2276,2256,,1085,768,1630,.471,238,651,.366,482,653,.738,307,935,378,177,80,294,505
248,Quinnipiac,28,18,10,.643,-4.39,-6.39,,11,6,,10,4,,8,6,,2114,2000,,1125,709,1684,.421,209,610,.343,373,509,.733,308,975,371,183,127,356,449
249,Radford,27,14,13,.519,-6.08,-4.92,,7,5,,10,5,,4,6,,2219,2139,,1090,726,1604,.453,225,634,.355,462,642,.720,298,987,400,193,81,377,540
250,Rhode Island,25,14,11,.560,3.75,0.07,,5,7,,8,5,,4,4,,1804,1712,,1010,567,1288,.440,194,541,.359,384,544,.706,248,810,308,193,73,357,474
251,Rice,26,11,15,.423,-4.66,0.51,,5,8,,7,7,,3,7,,1942,1948,,1060,671,1520,.441,182,540,.337,424,579,.732,313,955,315,194,93,302,458
252,Richmond,26,14,12,.538,3.58,0.54,,4,9,,10,6,,3,5,,2023,1919,,1045,661,1521,.435,223,692,.322,374,528,.708,287,942,307,144,69,319,468
253,Rider,25,3,22,.120,-18.68,-3.76,,2,14,,3,8,,0,14,,1588,1914,,1000,684,1469,.466,219,594,.369,327,466,.702,289,919,367,170,85,237,397
254,Robert Morris,28,18,10,.643,-2.48,-4.56,,10,7,,11,3,,7,7,,2186,2062,,1145,686,1555,.441,192,571,.336,498,656,.759,265,855,365,198,99,318,459
255,Rutgers,25,10,15,.400,3.42,9.06,,3,11,,9,6,,0,7,,1750,1891,,1016,670,1482,.452,213,577,.369,338,447,.756,290,911,384,146,88,275,457
256,Sacramento State,25,9,16,.360,-6.97,0.67,,5,8,,9,2,,0,14,,1972,2058,,1005,719,1565,.459,220,652,.337,400,544,.735,285,980,423,181,77,305,491
257,Sacred Heart,28,12,16,.429,-11.03,-7.77,,8,9,,7,5,,5,11,,2135,2166,,1125,784,1695,.463,257,725,.354,341,482,.707,296,977,466,202,71,301,436
258,Saint Francis (PA),26,6,20,.231,-18.97,-4.72,,4,9,,5,6,,1,12,,1857,2115,,1045,740,1512,.489,227,615,.369,408,571,.715,277,966,427,164,95,343,438
259,Saint Joseph's,25,15,10,.600,0.09,0.36,,7,5,,10,3,,3,7,,1839,1784,,1005,651,1573,.414,199,612,.325,283,415,.682,303,896,335,186,93,266,384
260,Saint Louis,25,24,1,.960,21.28,0.24,,12,0,,16,0,,7,0,,2269,1683,,1000,557,1535,.363,167,620,.269,402,557,.722,265,799,277,187,89,296,411
261,Saint Mary's (CA),27,23,4,.852,17.50,4.47,,12,2,,15,0,,6,2,,2120,1727,,1080,629,1572,.400,174,574,.303,295,406,.727,240,792,349,148,90,285,494
262,Saint Peter's,24,15,9,.625,-6.33,-7.33,,12,4,,12,1,,3,8,,1734,1645,,965,528,1241,.425,152,452,.336,437,588,.743,258,818,291,138,87,336,435
263,Sam Houston,25,17,8,.680,3.79,0.24,,9,5,,9,1,,6,7,,2074,1849,,1000,634,1531,.414,200,653,.306,381,546,.698,297,869,315,169,72,300,423
264,Samford,27,15,12,.556,-4.71,-4.79,,8,6,,9,3,,5,8,,2113,2020,,1095,717,1630,.440,202,576,.351,384,516,.744,253,973,335,135,83,251,547
265,San Diego,28,11,17,.393,-2.72,3.21,,5,10,,9,7,,2,9,,2115,2194,,1130,769,1631,.471,211,661,.319,445,612,.727,323,1019,437,203,93,391,457
266,San Diego State,24,18,6,.750,15.54,7.32,,12,2,,12,1,,5,2,,1915,1664,,985,539,1376,.392,216,672,.321,370,504,.734,265,802,323,169,58,369,415
267,San Francisco,28,15,13,.536,4.64,3.90,,7,8,,9,4,,3,7,,2101,2036,,1130,728,1662,.438,203,594,.342,377,511,.738,273,925,382,170,76,264,534
268,San Jose State,25,6,19,.240,-3.18,6.58,,1,13,,5,8,,0,10,,1754,1934,,1005,686,1395,.492,197,555,.355,365,473,.772,264,863,402,143,81,293,413
269,Santa Clara,28,22,6,.786,16.39,5.32,,13,2,,13,1,,7,2,,2343,2014,,1120,699,1559,.448,186,578,.322,430,588,.731,287,916,415,186,82,410,441
270,Seattle,27,16,11,.593,4.49,3.21,,5,9,,12,3,,3,7,,1958,1817,,1085,638,1542,.414,183,579,.316,358,490,.731,290,974,346,189,86,397,468
271,Seton Hall,26,18,8,.692,13.74,7.05,,8,7,,11,3,,5,4,,1864,1690,,1040,546,1359,.402,190,581,.327,408,568,.718,279,869,310,162,91,386,460
272,Siena,27,18,9,.667,-4.09,-8.97,,11,5,,7,4,,9,5,,1917,1785,,1080,645,1493,.432,196,595,.329,299,422,.709,259,839,318,177,93,311,447
273,South Alabama,27,19,8,.704,-4.17,-6.37,,9,5,,8,2,,8,6,,2011,1874,,1100,636,1653,.385,344,1074,.320,258,358,.721,326,1003,453,152,113,345,465
274,South Carolina,25,11,14,.440,7.32,6.80,,2,10,,10,6,,1,6,,1911,1898,,1015,677,1501,.451,169,528,.320,375,523,.717,275,897,381,154,94,257,436
275,South Carolina State,24,6,18,.250,-23.00,-5.86,,4,4,,5,4,,1,14,,1561,1918,,960,631,1337,.472,173,518,.334,483,665,.726,274,861,381,177,83,318,458
276,South Carolina Upstate,27,11,16,.407,-9.52,-4.06,,3,9,,8,5,,3,11,,2042,2018,,1100,707,1636,.432,201,599,.336,403,575,.701,311,1018,316,196,109,330,490
277,South Dakota,27,14,13,.519,-8.18,-4.39,,6,6,,10,5,,3,8,,2189,2191,,1100,833,1667,.500,171,511,.335,354,489,.724,261,917,369,198,95,330,540
278,South Dakota State,27,12,15,.444,-2.17,-2.17,,5,7,,8,3,,3,8,,2046,1960,,1085,673,1576,.427,250,747,.335,364,494,.737,250,903,363,182,72,295,462
279,South Florida,26,18,8,.692,11.24,2.96,,10,3,,10,2,,7,3,,2308,2040,,1065,689,1633,.422,222,632,.351,440,627,.702,326,988,347,173,127,365,526
280,Southeast Missouri State,27,16,11,.593,-6.33,-7.00,,11,5,,9,4,,6,7,,2045,1929,,1080,647,1475,.439,171,507,.337,464,640,.725,234,859,281,193,84,374,492
281,Southeastern Louisiana,27,8,19,.296,-8.69,-2.38,,5,13,,5,5,,1,14,,1731,1869,,1085,629,1423,.442,188,546,.344,423,575,.736,266,939,328,185,83,347,484
282,Southern,26,12,14,.462,-10.65,-4.78,,8,5,,7,2,,5,12,,2088,2041,,1055,676,1504,.449,215,606,.355,474,628,.755,273,929,362,168,103,398,499
283,Southern California,25,18,7,.720,13.54,9.49,,7,7,,9,3,,5,4,,2032,1896,,1020,649,1542,.421,196,644,.304,402,524,.767,282,830,350,185,75,313,540
284,Southern Illinois,27,12,15,.444,3.36,1.79,,6,10,,7,6,,4,8,,2001,1919,,1095,678,1598,.424,200,654,.306,363,524,.693,275,955,351,190,91,359,479
285,SIU Edwardsville,27,17,10,.630,-7.36,-9.36,,10,6,,8,5,,8,5,,1951,1754,,1085,602,1542,.390,184,607,.303,366,514,.712,311,941,280,187,82,336,433
286,Southern Indiana,26,5,21,.192,-15.85,-7.85,,2,14,,3,10,,2,9,,1781,1919,,1050,684,1561,.438,138,429,.322,413,567,.728,321,1064,265,183,124,304,462
287,Southern Methodist,25,17,8,.680,18.62,9.98,,6,6,,13,2,,3,5,,2155,1939,,1010,673,1552,.434,236,720,.328,357,501,.713,295,856,407,168,77,314,449
288,Southern Mississippi,28,14,14,.500,-6.36,-4.17,,7,8,,9,3,,3,10,,2054,2052,,1130,690,1585,.435,231,656,.352,441,636,.693,275,939,339,198,115,344,538
289,Southern Utah,26,9,17,.346,-10.31,0.52,,5,8,,6,4,,2,13,,1978,2069,,1045,770,1682,.458,187,506,.370,342,483,.708,309,957,360,225,101,285,457
290,St. Bonaventure,25,14,11,.560,2.01,1.01,,3,9,,8,5,,4,4,,1915,1851,,1005,647,1405,.460,200,561,.357,357,467,.764,241,782,371,157,82,309,405
291,St. John's (NY),25,20,5,.800,22.16,9.92,,13,1,,12,2,,7,0,,2108,1802,,1005,640,1509,.424,169,512,.330,353,489,.722,290,871,294,159,99,358,529
292,St. Thomas,28,21,7,.750,3.17,-5.24,,10,3,,12,1,,8,5,,2350,2035,,1120,733,1678,.437,215,690,.312,354,476,.744,269,961,399,145,71,349,503
293,Stanford,26,16,10,.615,11.77,8.89,,5,8,,10,6,,3,4,,1961,1886,,1040,648,1411,.459,154,461,.334,436,577,.756,234,856,278,130,83,336,488
294,Stephen F. Austin,27,24,3,.889,5.84,-4.41,,17,1,,14,0,,10,3,,2094,1763,,1080,635,1545,.411,154,532,.289,339,473,.717,271,899,282,140,92,318,415
295,Stetson,27,9,18,.333,-14.32,-3.96,,5,9,,7,4,,2,13,,1964,2175,,1085,797,1656,.481,232,680,.341,347,480,.723,287,962,435,218,66,283,464
296,Stonehill,27,9,18,.333,-15.70,-8.14,,6,8,,6,4,,3,13,,1756,1852,,1095,676,1599,.423,181,533,.340,319,483,.660,256,925,292,215,116,249,406
297,Stony Brook,27,16,11,.593,-4.42,-3.66,,8,6,,11,3,,4,7,,1943,1891,,1095,662,1577,.420,210,614,.342,357,501,.713,313,1017,357,175,102,322,427
298,Syracuse,27,15,12,.556,10.95,8.13,,6,8,,12,4,,2,5,,2053,1977,,1100,698,1610,.434,188,561,.335,393,542,.725,329,995,374,188,78,337,501
299,Tarleton State,26,13,13,.500,-3.64,-1.14,,4,9,,9,4,,4,9,,1958,1885,,1055,626,1395,.449,191,564,.339,442,621,.712,281,894,343,199,106,488,517
300,TCU,25,16,9,.640,15.09,8.29,,6,6,,11,5,,3,4,,1972,1802,,1015,649,1465,.443,189,549,.344,315,451,.698,249,840,398,157,88,346,479
301,Temple,25,15,10,.600,0.60,-1.90,,7,5,,9,4,,5,3,,1867,1761,,1005,623,1418,.439,165,525,.314,350,499,.701,260,849,316,140,109,259,477
302,Tennessee,25,18,7,.720,22.05,10.29,,8,4,,13,1,,3,4,,2026,1732,,1015,592,1467,.404,198,663,.299,350,514,.681,263,746,273,194,98,280,491
303,Tennessee State,26,17,9,.654,-8.12,-8.64,,11,5,,8,2,,8,7,,2101,1979,,1045,681,1497,.455,182,547,.333,435,606,.718,269,908,343,192,79,380,443
304,Tennessee Tech,27,11,16,.407,-13.97,-7.97,,6,10,,6,6,,5,10,,2016,2046,,1080,728,1642,.443,213,600,.355,377,512,.736,305,921,387,214,99,308,447
305,Tennessee-Martin,27,20,7,.741,-4.06,-9.02,,12,4,,11,1,,8,5,,1958,1715,,1080,588,1520,.387,178,623,.286,361,528,.684,304,876,327,250,75,367,492
306,Texas,25,16,9,.640,17.96,8.37,,7,5,,11,3,,3,4,,2130,1859,,1005,624,1446,.432,175,502,.349,436,606,.719,241,748,283,160,77,253,542
307,Texas A&M,25,17,8,.680,17.81,6.57,,7,5,,12,3,,4,4,,2245,1964,,1015,677,1543,.439,208,647,.321,402,543,.740,301,927,385,169,93,353,469
308,Texas A&M-Corpus Christi,27,14,13,.519,-2.58,-0.41,,10,8,,8,5,,6,8,,1979,1845,,1085,609,1428,.426,155,511,.303,472,661,.714,245,889,298,193,112,388,509
309,Texas Southern,24,9,15,.375,-13.73,-4.82,,7,6,,7,4,,2,11,,1790,1904,,971,630,1397,.451,199,589,.338,445,625,.712,256,854,332,200,77,301,439
310,Texas State,28,17,11,.607,-7.01,-6.59,,9,6,,15,1,,2,8,,2084,1984,,1130,683,1553,.440,204,593,.344,414,587,.705,264,867,303,227,119,371,452
311,Texas Tech,25,19,6,.760,23.19,13.55,,9,3,,12,1,,4,3,,2050,1809,,1005,654,1494,.438,163,525,.310,338,486,.695,263,859,273,146,59,271,410
312,Texas-Rio Grande Valley,27,15,12,.556,0.64,-1.32,,11,7,,8,5,,7,7,,2038,1874,,1080,642,1550,.414,192,615,.312,398,567,.702,303,920,373,160,89,309,428
313,The Citadel,27,9,18,.333,-16.88,-5.55,,6,8,,7,6,,2,11,,1867,2057,,1100,737,1544,.477,238,664,.358,345,506,.682,268,953,380,168,89,265,410
314,Toledo,26,13,13,.500,-0.86,-1.16,,7,6,,8,4,,4,8,,2102,2018,,1040,751,1600,.469,223,638,.350,293,417,.703,309,926,397,159,94,337,448
315,Towson,27,14,13,.519,-1.17,-0.37,,6,8,,9,3,,2,9,,1874,1808,,1080,646,1527,.423,204,649,.314,312,441,.707,253,890,311,147,73,282,402
316,Troy,27,17,10,.630,0.05,-2.75,,9,5,,8,3,,8,6,,2205,2016,,1130,722,1649,.438,204,619,.330,368,531,.693,311,968,363,190,102,366,451
317,Tulane,25,15,10,.600,-0.86,0.55,,6,6,,9,6,,5,2,,1817,1839,,1005,637,1467,.434,191,578,.330,374,542,.690,315,972,350,160,74,306,465
318,Tulsa,26,20,6,.769,11.30,1.55,,8,5,,10,2,,6,4,,2226,1898,,1040,672,1576,.426,205,629,.326,347,489,.710,274,832,327,159,77,269,490
319,UAB,26,16,10,.615,4.04,0.12,,7,6,,7,8,,7,2,,2075,1921,,1055,686,1608,.427,214,659,.325,335,455,.736,258,952,352,153,118,322,460
320,UC Davis,26,16,10,.615,-0.27,-0.72,,9,6,,12,3,,4,7,,2025,1931,,1040,660,1478,.447,195,574,.340,416,576,.722,266,898,361,168,81,389,515
321,UC Irvine,26,17,9,.654,3.15,-1.35,,10,4,,9,3,,5,5,,2019,1768,,1050,621,1642,.378,204,612,.333,322,458,.703,334,971,331,171,89,355,480
322,UC Riverside,27,8,19,.296,-8.81,0.31,,3,12,,5,6,,3,13,,1940,2102,,1080,759,1592,.477,180,515,.350,404,586,.689,282,954,378,204,79,299,454
323,UC San Diego,27,18,9,.667,3.38,-0.94,,8,7,,8,5,,6,4,,2061,1898,,1080,667,1611,.414,225,684,.329,339,484,.700,276,966,363,171,97,323,445
324,UC Santa Barbara,26,17,9,.654,1.90,-2.02,,10,5,,10,2,,5,6,,2059,1899,,1050,653,1382,.473,188,519,.362,405,555,.730,204,754,332,174,83,329,478
325,UCF,24,17,7,.708,13.27,9.19,,6,6,,12,3,,3,4,,1962,1864,,960,655,1422,.461,195,575,.339,359,487,.737,224,768,348,148,83,276,417
326,UCLA,25,17,8,.680,16.85,9.41,,9,5,,14,1,,3,4,,1948,1762,,1010,599,1388,.432,184,613,.300,380,507,.750,263,813,353,129,66,315,469
327,UNC Asheville,26,12,14,.462,-4.81,-3.55,,6,6,,8,6,,3,8,,1919,1867,,1045,660,1493,.442,175,541,.323,372,546,.681,271,857,318,165,73,289,478
328,UNC Greensboro,27,12,15,.444,-10.83,-4.83,,8,6,,8,5,,3,7,,2124,2168,,1095,769,1681,.457,281,776,.362,349,494,.706,278,965,387,164,87,251,514
329,UNC Wilmington,26,22,4,.846,2.87,-4.93,,11,2,,13,2,,9,2,,2003,1743,,1040,613,1510,.406,191,646,.296,326,446,.731,252,853,288,132,77,267,495
330,UT Arlington,25,14,11,.560,-1.82,-1.56,,6,7,,8,3,,6,7,,1804,1703,,1015,586,1380,.425,116,419,.277,415,587,.707,246,777,296,201,84,324,463
331,Utah,25,9,16,.360,6.72,9.88,,1,11,,8,6,,0,8,,1909,1988,,1005,735,1559,.471,178,524,.340,340,476,.714,289,909,348,146,110,243,406
332,Utah State,25,22,3,.880,19.35,5.47,,12,2,,11,1,,7,2,,2117,1728,,1005,571,1392,.410,185,570,.325,401,546,.734,277,792,266,157,75,362,448
333,Utah Tech,27,16,11,.593,-2.44,-0.61,,9,4,,10,2,,5,8,,2077,1987,,1105,716,1644,.436,161,555,.290,394,550,.716,328,975,335,187,77,348,456
334,Utah Valley,25,18,7,.720,6.44,-0.93,,8,4,,12,0,,3,7,,2038,1703,,1005,581,1405,.414,162,489,.331,379,520,.729,268,768,302,207,69,385,442
335,UTEP,26,10,16,.385,-5.52,0.26,,6,9,,8,6,,2,8,,1815,1868,,1055,627,1398,.448,182,525,.347,432,616,.701,282,931,337,179,77,338,422
336,UTSA,25,5,20,.200,-14.87,1.52,,1,12,,2,9,,2,10,,1739,2016,,1000,702,1564,.449,235,682,.345,377,534,.706,343,1028,400,210,113,281,392
337,Valparaiso,27,14,13,.519,-0.14,1.01,,8,8,,11,4,,3,9,,1926,1916,,1095,678,1538,.441,177,566,.313,383,544,.704,285,956,320,132,81,310,508
338,Vanderbilt,25,21,4,.840,23.96,9.16,,8,4,,12,2,,6,2,,2210,1840,,1005,611,1473,.415,170,577,.295,448,591,.758,270,858,273,122,57,331,482
339,Vermont,27,17,10,.630,-5.71,-9.15,,9,3,,9,3,,7,5,,2030,1886,,1095,636,1467,.434,218,616,.354,396,540,.733,197,828,327,152,71,259,453
340,Villanova,25,20,5,.800,17.86,9.22,,11,3,,11,2,,7,2,,1944,1728,,1010,630,1429,.441,183,546,.335,285,409,.697,275,851,321,127,55,314,425
341,Virginia,25,22,3,.880,20.45,6.45,,10,2,,12,1,,7,1,,2035,1685,,1025,578,1462,.395,160,537,.298,369,509,.725,274,811,279,157,77,272,459
342,Virginia Commonwealth,26,20,6,.769,13.16,2.16,,11,2,,12,2,,6,2,,2171,1885,,1040,662,1533,.432,165,495,.333,396,543,.729,282,879,322,169,75,315,537
343,VMI,27,6,21,.222,-20.31,-5.27,,1,13,,5,8,,1,11,,1955,2147,,1080,751,1634,.460,254,724,.351,391,547,.715,342,1105,475,158,79,319,426
344,Virginia Tech,26,17,9,.654,12.70,8.27,,6,7,,12,3,,3,4,,2058,1943,,1070,710,1592,.446,196,636,.308,327,444,.736,297,922,334,141,90,326,485
345,Wagner,25,9,16,.360,-13.11,-7.51,,4,10,,6,5,,3,11,,1791,1839,,1020,628,1423,.441,186,535,.348,397,548,.724,253,838,359,186,91,272,400
346,Wake Forest,25,13,12,.520,12.93,10.25,,4,8,,9,6,,2,4,,1992,1925,,1010,650,1465,.444,226,687,.329,399,541,.738,280,883,385,173,70,350,454
347,Washington,26,13,13,.500,15.37,10.95,,5,10,,9,5,,3,7,,1998,1883,,1050,670,1532,.437,187,578,.324,356,495,.719,258,835,318,147,93,265,432
348,Washington State,27,11,16,.407,4.52,5.86,,6,8,,8,5,,1,9,,2068,2098,,1080,741,1593,.465,213,603,.353,403,548,.735,246,851,361,196,72,274,473
349,Weber State,27,13,14,.481,-2.81,-2.37,,7,7,,9,5,,4,9,,2202,2082,,1090,735,1582,.465,201,636,.316,411,567,.725,242,892,364,168,113,332,506
350,West Georgia,26,12,14,.462,-12.02,-5.15,,6,8,,8,5,,4,9,,1971,2078,,1050,742,1577,.471,205,581,.353,389,538,.723,273,945,383,169,62,282,446
351,West Virginia,25,16,9,.640,12.93,6.57,,7,5,,13,2,,3,3,,1753,1594,,1010,567,1370,.414,190,539,.353,270,367,.736,222,805,325,157,90,290,411
352,Western Carolina,25,10,15,.400,-8.54,-2.63,,6,8,,7,3,,3,12,,1952,1975,,1010,655,1432,.457,233,639,.365,432,572,.755,223,833,331,161,69,275,382
353,Western Illinois,27,5,22,.185,-22.52,-7.64,,1,15,,4,8,,1,14,,1766,2065,,1085,743,1578,.471,212,585,.362,367,517,.710,287,970,376,178,110,286,470
354,Western Kentucky,25,14,11,.560,0.17,0.26,,7,7,,10,4,,3,5,,1937,1866,,1005,611,1446,.423,213,620,.344,431,625,.690,282,964,361,148,119,323,462
355,Western Michigan,25,9,16,.360,-8.66,-2.35,,3,9,,7,5,,2,11,,1871,1983,,1000,683,1491,.458,240,679,.353,377,534,.706,263,862,385,165,111,251,421
356,Wichita State,26,16,10,.615,8.46,2.14,,8,5,,12,3,,4,4,,2005,1821,,1060,645,1519,.425,167,544,.307,364,512,.711,281,880,296,154,86,296,465
357,William & Mary,26,16,10,.615,1.99,-1.43,,7,7,,9,2,,5,8,,2175,1999,,1040,694,1613,.430,230,720,.319,381,545,.699,305,932,369,198,93,369,525
358,Winthrop,27,19,8,.704,0.74,-4.30,,11,1,,11,1,,7,7,,2296,2014,,1085,687,1604,.428,221,689,.321,419,576,.727,272,935,309,155,93,343,590
359,Wisconsin,25,18,7,.720,18.61,10.53,,10,4,,13,2,,4,2,,2092,1890,,1015,666,1515,.440,201,611,.329,357,488,.732,235,858,328,119,86,258,462
360,Wofford,27,17,10,.630,-6.35,-6.35,,9,5,,9,3,,8,7,,2137,2079,,1080,725,1564,.464,218,599,.364,411,538,.764,264,916,360,157,86,287,467
361,Wright State,27,17,10,.630,0.20,-3.68,,12,4,,9,4,,7,5,,2167,1968,,1085,713,1547,.461,179,535,.335,363,512,.709,260,848,321,182,97,332,490
362,Wyoming,25,13,12,.520,8.33,4.91,,4,10,,11,4,,1,8,,1936,1830,,1000,605,1328,.456,166,512,.324,454,637,.713,214,774,278,150,85,287,468
363,Xavier,25,13,12,.520,8.24,9.00,,5,9,,11,4,,1,7,,1944,1963,,1005,717,1524,.470,182,534,.341,347,506,.686,254,960,461,149,99,299,395
364,Yale,24,20,4,.833,6.90,-2.29,,8,2,,8,2,,8,2,,2000,1716,,970,612,1402,.437,219,635,.345,273,381,.717,231,728,317,124,89,267,434
365,Youngstown State,27,13,14,.481,-3.47,-4.56,,6,10,,8,5,,4,8,,2144,1967,,1085,697,1552,.449,170,491,.346,403,541,.745,279,881,325,193,81,345,450