,,Overall,Overall,Overall,Overall,Overall,Overall,,Conf.,Conf.,,Home,Home,,Away,Away,,Points,Points,,Opponent Advanced,Opponent Advanced,Opponent Advanced,Opponent Advanced,Opponent Advanced,Opponent Advanced,Opponent Advanced,Opponent Advanced,Opponent Advanced,Opponent Advanced,Opponent Advanced,Opponent Advanced,Opponent Advanced
Rk,School,G,W,L,W-L%,SRS,SOS,,W,L,,W,L,,W,L,,Tm.,Opp.,,Pace,ORtg,FTr,3PAr,TS%,TRB%,AST%,STL%,BLK%,eFG%,TOV%,ORB%,FT/FGA
1,Abilene Christian,26,12,14,.462,-5.96,-0.53,,4,9,,8,4,,3,9,,1823,1838,,68.8,102.3,.520,.316,.583,48.5,49.2,12.3,12.0,.538,21.4,28.3,.377
2,Air Force,25,3,22,.120,-13.09,4.47,,0,14,,3,12,,0,9,,1536,1975,,67.2,117.5,.371,.388,.590,54.7,54.0,12.2,11.5,.561,13.5,31.3,.267
3,Akron,25,20,5,.800,9.34,-2.18,,11,1,,13,0,,5,3,,2247,1873,,72.5,103.4,.296,.434,.534,47.2,51.8,8.4,9.0,.501,16.6,30.7,.217
4,Alabama,25,18,7,.720,23.03,13.95,,8,4,,9,3,,5,2,,2294,2067,,75.5,109.5,.356,.350,.518,49.5,47.3,8.6,11.3,.483,10.4,32.0,.245
5,Alabama A&M,26,15,11,.577,-12.87,-9.83,,8,5,,11,3,,3,7,,1849,1859,,68.1,105.0,.382,.375,.535,49.9,57.8,9.4,8.7,.494,14.5,28.5,.276
6,Alabama State,26,9,17,.346,-12.47,-6.71,,6,7,,5,2,,3,13,,1926,2014,,72.4,107.0,.412,.417,.564,49.5,54.8,10.9,10.5,.521,17.5,31.5,.306
7,Albany (NY),26,9,17,.346,-14.35,-6.65,,5,6,,5,4,,3,10,,1885,1922,,67.5,109.4,.346,.392,.555,49.1,54.3,9.9,9.0,.519,14.4,30.9,.256
8,Alcorn State,25,6,19,.240,-19.65,-4.13,,5,8,,3,3,,2,16,,1672,2060,,69.3,118.9,.407,.367,.605,55.8,56.2,11.1,10.2,.575,16.0,37.4,.295
9,American,27,14,13,.519,-7.05,-5.33,,7,7,,11,4,,3,9,,2026,1944,,68.3,105.4,.425,.374,.560,51.5,52.3,9.8,9.1,.520,17.3,30.0,.308
10,Appalachian State,28,18,10,.643,-3.00,-5.27,,10,5,,10,3,,7,7,,1993,1800,,64.4,99.4,.300,.422,.487,46.6,53.0,7.9,8.4,.452,12.5,28.2,.210
11,Arizona,25,23,2,.920,29.74,10.10,,10,2,,13,1,,6,1,,2206,1715,,72.8,93.8,.286,.370,.481,41.6,50.1,8.7,8.6,.448,15.3,25.8,.198
12,Arizona State,25,13,12,.520,10.75,11.19,,4,8,,7,5,,2,6,,1968,1979,,71.2,111.2,.354,.402,.570,52.0,54.0,9.7,10.4,.532,16.3,34.2,.269
13,Arkansas,25,19,6,.760,23.43,11.15,,9,3,,14,1,,4,3,,2219,1912,,72.4,105.7,.295,.399,.527,48.8,51.2,7.1,7.0,.497,14.0,31.9,.208
14,Arkansas State,27,16,11,.593,-0.33,-2.81,,7,7,,9,4,,7,7,,2227,2093,,72.2,105.9,.371,.395,.542,44.8,50.2,12.2,9.9,.507,14.2,27.3,.262
15,Arkansas-Pine Bluff,26,11,15,.423,-14.26,-3.96,,8,5,,6,2,,5,13,,2013,2145,,73.1,112.3,.438,.377,.566,51.9,55.4,10.7,9.1,.522,14.4,33.0,.325
16,Army,27,10,17,.370,-15.04,-6.32,,4,10,,6,8,,4,8,,1954,2090,,67.3,112.4,.371,.419,.575,49.4,54.0,10.4,11.1,.540,13.9,27.3,.275
17,Auburn,25,14,11,.560,18.60,13.68,,5,7,,9,3,,2,5,,2099,1976,,69.6,112.5,.349,.406,.568,47.0,51.9,9.3,11.7,.530,14.6,31.7,.266
18,Austin Peay,25,19,6,.760,0.15,-5.98,,13,1,,12,0,,7,6,,2051,1778,,71.1,100.1,.314,.413,.532,49.6,54.4,9.3,9.3,.503,18.0,29.6,.217
19,Ball State,25,8,17,.320,-11.85,-3.81,,3,9,,5,6,,2,10,,1659,1751,,66.2,105.8,.320,.421,.563,53.1,54.2,8.6,11.3,.526,17.4,30.0,.245
20,Baylor,25,13,12,.520,16.33,11.41,,3,9,,9,5,,2,5,,2084,1903,,70.6,107.9,.295,.348,.537,46.4,48.3,9.8,8.6,.502,13.6,31.6,.221
21,Bellarmine,26,11,15,.423,-8.96,-3.80,,6,8,,8,3,,2,12,,2063,2109,,66.5,120.9,.318,.512,.604,53.8,61.3,9.1,9.0,.579,13.4,33.2,.232
22,Belmont,28,24,4,.857,9.55,-0.34,,14,3,,11,2,,11,2,,2346,2032,,70.4,102.2,.301,.492,.520,47.7,53.2,9.9,8.9,.482,15.3,29.5,.224
23,Bethune-Cookman,26,13,13,.500,-9.13,-4.69,,10,3,,8,1,,5,10,,1943,2013,,71.2,107.3,.395,.344,.538,50.0,48.8,12.0,7.2,.497,14.3,31.2,.286
24,Binghamton,27,5,22,.185,-21.54,-9.67,,1,11,,5,8,,0,13,,1808,2032,,65.3,112.6,.334,.382,.561,51.7,47.1,10.7,9.5,.534,11.9,28.0,.233
25,Boise State,25,15,10,.600,12.87,8.78,,7,7,,9,4,,4,4,,1983,1864,,67.9,106.7,.335,.370,.558,45.3,47.0,8.5,8.7,.528,13.6,23.3,.237
26,Boston College,25,9,16,.360,3.62,5.50,,2,10,,8,7,,1,6,,1686,1733,,66.2,102.6,.336,.373,.510,50.5,48.1,9.2,10.3,.482,13.2,28.5,.220
27,Boston University,28,13,15,.464,-7.98,-8.02,,8,7,,8,5,,4,10,,2145,2097,,64.2,113.1,.307,.415,.568,48.0,48.9,10.7,9.3,.540,11.9,26.5,.221
28,Bowling Green,26,16,10,.615,1.54,-3.72,,7,6,,9,5,,5,5,,2141,1825,,72.2,96.8,.345,.430,.537,47.8,55.8,9.1,9.0,.501,19.4,25.7,.248
29,Bradley,27,18,9,.667,3.85,0.23,,11,5,,12,2,,4,5,,2082,1955,,68.4,103.5,.362,.412,.552,51.5,52.6,6.8,9.0,.517,17.8,28.6,.259
30,Brigham Young,25,19,6,.760,22.40,10.44,,7,5,,10,2,,3,3,,2162,1863,,71.2,104.2,.287,.390,.528,46.2,53.6,8.5,7.8,.498,14.0,28.3,.203
31,Brown,23,8,15,.348,-8.88,-4.36,,2,8,,5,7,,3,8,,1617,1573,,67.0,100.0,.355,.413,.536,48.9,53.1,10.3,9.2,.493,17.6,26.7,.267
32,Bryant,26,8,18,.308,-17.73,-6.64,,4,8,,7,4,,1,14,,1676,1880,,65.6,109.8,.316,.358,.543,51.2,53.6,12.4,8.3,.512,12.9,31.3,.225
33,Bucknell,27,8,19,.296,-14.24,-4.42,,5,9,,5,6,,3,10,,1815,2080,,67.0,113.5,.358,.442,.585,53.6,60.8,11.2,11.8,.552,15.5,31.9,.265
34,Buffalo,25,15,10,.600,-2.51,-4.69,,5,7,,6,6,,7,4,,1966,1871,,67.2,110.8,.308,.424,.567,50.4,57.8,9.9,8.3,.538,15.2,30.1,.224
35,Butler,26,13,13,.500,11.32,8.40,,4,11,,9,6,,1,7,,2073,1997,,69.8,107.9,.254,.362,.539,47.6,52.5,9.6,13.2,.514,13.6,30.6,.180
36,Cal Poly,27,11,16,.407,-5.01,0.39,,7,8,,6,6,,5,9,,2196,2303,,75.9,111.8,.322,.431,.567,49.7,53.7,9.8,10.8,.537,14.6,30.9,.235
37,Cal State Bakersfield,26,8,18,.308,-11.51,-0.68,,2,12,,6,8,,2,10,,1875,2082,,72.2,110.9,.441,.379,.561,51.7,53.9,10.4,8.9,.521,15.9,35.5,.316
38,Cal State Fullerton,27,13,14,.481,-2.56,0.68,,8,7,,8,3,,4,10,,2246,2223,,76.7,107.3,.342,.456,.575,52.1,56.6,7.9,7.7,.544,17.7,28.4,.249
39,Cal State Northridge,26,16,10,.615,-0.64,-0.72,,9,5,,12,1,,4,7,,2132,2054,,75.6,104.5,.349,.489,.546,46.1,56.6,10.5,9.2,.505,15.0,25.8,.263
40,California,26,18,8,.692,12.20,6.84,,6,7,,14,3,,3,5,,2053,1897,,69.1,104.5,.355,.413,.523,51.4,55.5,7.1,10.9,.495,14.0,30.8,.233
41,California Baptist,26,19,7,.731,1.55,-2.68,,9,4,,12,0,,6,6,,1896,1786,,67.4,100.5,.365,.330,.512,44.2,46.4,9.6,9.6,.467,14.3,26.4,.266
42,Campbell,26,12,14,.462,-3.64,0.74,,6,7,,8,3,,3,11,,2077,2042,,71.5,109.8,.347,.285,.575,47.8,49.7,10.2,9.9,.543,15.7,29.5,.255
43,Canisius,27,8,19,.296,-17.33,-7.33,,3,13,,6,7,,2,12,,1702,1921,,64.6,109.7,.347,.449,.561,50.8,57.4,9.9,10.4,.528,14.8,29.8,.251
44,Central Arkansas,27,17,10,.630,-1.21,-4.01,,12,2,,13,1,,4,9,,2161,1989,,70.3,103.4,.286,.529,.558,48.8,61.4,9.1,10.7,.532,17.5,25.5,.204
45,Central Connecticut State,25,15,10,.600,-9.92,-9.14,,9,5,,7,3,,8,7,,1877,1768,,66.1,106.4,.256,.412,.525,48.9,55.4,9.6,6.5,.492,12.5,29.4,.193
46,Central Michigan,25,8,17,.320,-8.60,-2.12,,4,8,,7,4,,0,12,,1849,1933,,69.6,111.1,.398,.396,.556,51.9,58.5,11.3,7.8,.526,14.8,33.9,.270
47,Charleston Southern,27,12,15,.444,-6.79,-6.25,,3,9,,8,3,,4,11,,2240,2145,,74.1,105.2,.416,.306,.509,47.7,39.4,11.3,9.7,.464,10.9,28.5,.291
48,Charlotte,25,13,12,.520,-0.75,-0.05,,7,5,,9,5,,4,5,,1839,1852,,64.3,112.9,.386,.396,.552,47.8,48.2,9.9,9.5,.517,12.3,31.7,.272
49,Chattanooga,27,10,17,.370,-11.30,-5.55,,4,10,,6,7,,4,9,,2016,1994,,68.1,108.5,.413,.420,.533,52.5,53.5,8.7,8.2,.488,12.6,30.5,.298
50,Chicago State,27,6,21,.222,-16.44,-3.75,,4,10,,4,5,,2,16,,1784,2091,,66.6,115.7,.369,.541,.604,53.4,72.7,8.4,8.2,.573,17.3,33.6,.274
51,Cincinnati,26,14,12,.538,13.93,8.63,,6,7,,13,3,,1,6,,1879,1741,,69.7,96.0,.296,.409,.508,48.4,55.4,8.5,6.9,.476,16.6,26.8,.207
52,Clemson,26,20,6,.769,17.61,7.49,,10,3,,11,2,,6,3,,1945,1682,,65.6,97.6,.333,.417,.512,47.4,46.2,8.6,10.4,.468,15.7,25.2,.249
53,Cleveland State,27,10,17,.370,-11.91,-2.75,,6,10,,6,6,,3,10,,2169,2291,,71.3,119.0,.340,.447,.579,52.0,57.6,9.6,14.4,.542,13.0,36.1,.260
54,Coastal Carolina,27,16,11,.593,-6.92,-5.46,,8,6,,7,4,,8,7,,1985,1946,,69.0,101.6,.351,.372,.493,48.8,39.4,8.0,7.1,.453,10.9,26.6,.246
55,Colgate,28,16,12,.571,-4.95,-4.53,,10,5,,7,4,,6,8,,2124,2056,,67.0,107.7,.327,.407,.540,50.0,54.0,8.8,5.9,.506,13.9,29.5,.237
56,College of Charleston,27,17,10,.630,-0.97,-2.04,,10,4,,10,4,,5,4,,2045,1996,,69.2,105.8,.262,.433,.511,49.6,52.2,9.5,8.9,.484,12.3,31.8,.181
57,Colorado,26,14,12,.538,10.91,9.41,,4,9,,11,4,,1,7,,2081,2042,,69.6,111.7,.345,.372,.563,49.9,50.0,8.0,8.7,.530,13.7,29.6,.252
58,Colorado State,25,15,10,.600,8.19,4.40,,6,8,,10,4,,3,5,,1899,1758,,64.1,109.8,.317,.451,.554,46.8,48.5,10.0,7.6,.528,13.3,27.7,.218
59,Columbia,24,15,9,.625,-2.49,-4.08,,4,6,,8,3,,7,6,,1878,1740,,67.9,105.8,.322,.357,.529,43.5,58.1,10.0,10.0,.492,12.4,26.4,.236
60,Connecticut,26,24,2,.923,23.90,9.78,,14,1,,13,1,,8,1,,2061,1694,,66.6,96.9,.410,.353,.501,46.2,48.0,8.5,9.2,.452,16.1,29.0,.294
61,Coppin State,27,6,21,.222,-25.79,-7.40,,4,6,,2,5,,4,13,,1756,2193,,69.7,116.6,.418,.438,.591,52.7,63.0,13.1,11.5,.553,15.1,34.8,.310
62,Cornell,23,12,11,.522,-1.52,-2.99,,5,5,,5,3,,7,8,,2078,1935,,73.2,113.6,.368,.382,.579,48.4,54.9,9.2,8.6,.550,14.0,28.9,.262
63,Creighton,26,13,13,.500,10.71,9.82,,7,8,,10,4,,2,7,,1977,1954,,68.1,109.9,.245,.321,.534,50.5,49.5,10.1,10.2,.512,12.1,31.5,.169
64,Dartmouth,23,10,13,.435,-6.46,-2.51,,4,6,,5,7,,5,6,,1761,1735,,69.7,107.6,.279,.394,.533,49.4,50.4,11.0,11.4,.503,12.0,28.1,.201
65,Davidson,25,15,10,.600,5.40,3.83,,6,6,,9,6,,5,3,,1848,1717,,65.0,104.7,.356,.368,.537,50.5,45.8,9.4,8.6,.508,16.0,31.1,.241
66,Dayton,25,16,9,.640,6.96,2.52,,7,5,,12,2,,3,5,,1896,1785,,69.2,101.6,.346,.418,.547,51.2,51.9,10.6,11.2,.515,19.3,30.7,.244
67,Delaware,25,9,16,.360,-7.17,-2.38,,5,9,,4,8,,4,7,,1672,1796,,64.2,110.3,.293,.432,.537,52.1,58.0,11.5,10.3,.500,12.0,30.0,.224
68,Delaware State,25,6,19,.240,-22.53,-8.86,,1,9,,5,5,,1,13,,1524,1783,,67.3,105.4,.379,.359,.571,53.3,56.2,9.9,9.8,.541,18.1,29.3,.266
69,Denver,28,13,15,.464,-4.88,-1.20,,6,7,,7,5,,6,10,,2331,2315,,69.7,118.7,.331,.374,.577,49.7,43.0,9.0,8.0,.552,11.1,31.8,.231
70,DePaul,25,13,12,.520,6.90,5.42,,5,9,,11,4,,1,7,,1793,1756,,68.0,103.3,.377,.339,.532,50.5,58.0,10.6,10.6,.493,15.8,31.1,.268
71,Detroit Mercy,25,12,13,.480,-7.31,-2.92,,9,7,,6,5,,6,8,,1932,1964,,70.7,111.1,.385,.436,.552,47.5,58.9,8.9,7.6,.515,12.6,29.7,.277
72,Drake,28,12,16,.429,-0.90,1.02,,6,11,,6,9,,4,6,,2149,2115,,68.5,109.3,.323,.443,.550,50.5,54.8,8.8,8.3,.524,13.3,28.1,.220
73,Drexel,27,13,14,.481,-5.24,-4.63,,7,7,,10,4,,3,8,,1852,1834,,66.0,102.9,.356,.342,.517,49.2,48.1,11.3,8.8,.471,14.4,30.4,.268
74,Duke,26,24,2,.923,30.60,10.79,,13,1,,13,0,,8,1,,2157,1642,,67.8,93.1,.222,.448,.489,42.9,51.5,9.8,7.4,.462,16.6,25.4,.157
75,Duquesne,25,15,10,.600,4.87,1.48,,7,5,,10,5,,5,4,,2060,1911,,71.2,105.2,.385,.395,.549,48.9,54.2,10.2,11.6,.508,15.9,29.1,.283
76,East Carolina,25,9,16,.360,-6.29,0.09,,4,8,,6,8,,3,6,,1757,1909,,69.1,109.9,.325,.406,.549,50.1,54.4,10.1,8.4,.515,14.2,32.6,.237
77,East Tennessee State,27,19,8,.704,0.98,-7.35,,11,3,,13,3,,6,5,,2115,1839,,67.3,100.2,.325,.478,.531,48.0,55.6,8.6,7.8,.495,17.3,27.4,.235
78,East Texas A&M,28,11,17,.393,-10.14,-0.98,,6,12,,6,6,,4,11,,1979,2087,,70.4,105.8,.353,.372,.541,52.5,55.9,10.4,10.7,.511,15.5,31.1,.242
79,Eastern Illinois,27,11,16,.407,-13.18,-4.68,,7,9,,9,4,,2,12,,1815,1897,,67.2,103.6,.343,.422,.535,51.8,57.0,9.4,11.7,.495,17.1,33.0,.255
80,Eastern Kentucky,27,9,18,.333,-8.98,-3.54,,5,9,,7,5,,2,13,,2160,2179,,70.2,113.4,.387,.404,.580,49.6,53.4,10.0,8.5,.547,14.8,31.3,.280
81,Eastern Michigan,26,9,17,.346,-5.08,-1.24,,3,10,,6,5,,3,12,,1850,1908,,68.3,106.5,.351,.354,.536,50.1,52.2,9.2,10.0,.498,14.3,29.3,.256
82,Eastern Washington,26,9,17,.346,-3.15,0.74,,7,6,,6,3,,3,13,,2004,2083,,69.3,114.5,.367,.392,.590,50.7,50.5,10.7,7.5,.552,14.6,31.6,.281
83,Elon,27,14,13,.519,-3.01,-2.73,,6,8,,8,6,,6,7,,2186,2111,,68.5,112.0,.337,.449,.559,49.3,55.5,8.8,10.5,.531,14.2,32.5,.235
84,Evansville,26,6,20,.231,-7.74,3.42,,2,13,,4,8,,1,10,,1752,1949,,67.7,109.7,.316,.417,.559,52.7,55.1,11.5,6.8,.529,14.4,29.4,.229
85,Fairfield,27,16,11,.593,-8.32,-8.71,,8,8,,10,3,,6,8,,2040,1967,,67.7,107.1,.299,.355,.547,47.3,51.8,8.3,11.1,.512,14.7,28.4,.227
86,FDU,27,10,17,.370,-13.63,-6.42,,7,7,,8,5,,2,12,,1833,1882,,65.0,106.7,.363,.407,.552,47.8,48.8,9.5,9.7,.519,15.1,27.1,.257
87,Florida,25,19,6,.760,27.36,12.32,,10,2,,11,1,,5,2,,2162,1786,,72.7,98.2,.336,.345,.502,40.6,44.3,9.1,7.9,.462,13.7,24.2,.241
88,Florida A&M,24,10,14,.417,-16.25,-7.75,,7,6,,6,3,,3,11,,1677,1846,,70.7,108.3,.412,.349,.569,51.6,49.3,12.3,9.7,.520,17.0,31.9,.319
89,Florida Atlantic,26,14,12,.538,5.44,2.82,,6,7,,9,4,,3,6,,2107,1958,,71.4,104.4,.361,.373,.536,46.6,46.6,10.3,7.2,.497,14.6,27.7,.262
90,Florida Gulf Coast,27,12,15,.444,-5.95,-3.79,,6,8,,9,6,,3,9,,2128,2105,,70.1,110.2,.393,.457,.566,48.1,52.8,9.7,9.3,.526,14.7,28.5,.291
91,Florida International,25,12,13,.480,-1.58,-0.13,,5,9,,10,5,,2,8,,2039,1944,,73.6,104.6,.333,.451,.536,49.3,61.9,10.4,8.9,.503,17.4,33.9,.236
92,Florida State,25,12,13,.480,9.86,7.90,,5,7,,9,5,,3,5,,2009,1960,,73.3,107.0,.337,.440,.555,51.4,55.7,9.8,12.4,.522,16.9,32.6,.245
93,Fordham,26,14,12,.538,0.25,-1.58,,5,8,,8,7,,4,4,,1840,1693,,65.8,98.5,.281,.413,.516,44.3,60.3,9.2,7.8,.488,15.5,24.3,.195
94,Fresno State,25,12,13,.480,4.64,4.19,,6,8,,9,6,,2,7,,1843,1795,,70.4,102.1,.308,.441,.534,49.8,51.2,10.8,10.3,.501,17.0,29.6,.222
95,Furman,27,17,10,.630,-2.96,-5.54,,8,6,,10,4,,6,4,,2073,1898,,67.2,103.1,.272,.422,.514,45.9,49.0,11.6,10.3,.482,12.6,26.9,.197
96,Gardner-Webb,27,3,24,.111,-23.88,-0.67,,1,11,,3,9,,0,13,,1856,2370,,71.6,122.7,.357,.411,.606,56.3,56.5,11.6,9.7,.579,13.3,35.5,.259
97,George Mason,26,21,5,.808,6.58,-0.02,,9,4,,15,1,,4,4,,1938,1749,,65.6,102.5,.282,.437,.521,46.8,52.8,9.8,9.8,.490,14.5,28.1,.202
98,George Washington,26,15,11,.577,10.11,1.83,,6,7,,11,3,,2,5,,2163,1899,,70.8,103.1,.323,.422,.541,45.7,58.9,10.5,10.1,.509,16.1,28.1,.230
99,Georgetown,25,13,12,.520,8.68,6.60,,5,9,,9,5,,4,5,,1882,1830,,67.2,107.3,.356,.417,.536,49.1,53.0,8.5,8.6,.498,14.0,30.9,.258
100,Georgia,25,17,8,.680,18.79,6.83,,5,7,,11,4,,4,3,,2258,1959,,74.5,103.2,.297,.363,.519,49.3,47.9,9.5,9.8,.489,16.2,35.6,.207
101,Georgia Southern,27,15,12,.556,-7.57,-6.45,,7,7,,9,5,,6,5,,2190,2157,,72.2,109.2,.393,.389,.555,53.1,45.6,9.0,10.2,.513,16.2,34.4,.290
102,Georgia State,27,9,18,.333,-10.64,-3.64,,6,8,,6,4,,3,12,,1903,2006,,69.3,106.7,.346,.391,.535,52.3,54.1,8.6,8.9,.504,14.7,32.2,.239
103,Georgia Tech,26,11,15,.423,2.98,4.78,,2,11,,10,6,,1,7,,1937,1984,,71.6,106.1,.343,.440,.527,48.9,55.2,10.7,10.7,.492,13.2,29.9,.241
104,Gonzaga,27,25,2,.926,26.24,5.83,,13,1,,13,0,,7,1,,2366,1815,,71.8,93.2,.324,.438,.504,43.2,53.0,7.8,6.0,.467,18.2,24.0,.230
105,Grambling,25,11,14,.440,-10.82,-7.60,,5,7,,6,3,,3,11,,1765,1763,,69.6,101.4,.412,.361,.537,49.8,51.3,11.9,13.1,.494,18.1,31.2,.296
106,Grand Canyon,25,16,9,.640,10.59,4.07,,9,5,,11,3,,4,4,,1882,1719,,69.0,99.2,.375,.390,.522,46.5,50.3,9.5,7.9,.476,15.8,26.3,.278
107,Green Bay,28,15,13,.536,-5.31,-2.54,,10,7,,8,4,,5,8,,2101,2113,,65.3,114.5,.383,.450,.574,49.7,59.1,9.4,9.2,.539,12.3,28.1,.281
108,Hampton,26,12,14,.462,-7.31,-4.73,,6,7,,9,1,,2,9,,1822,1788,,66.3,102.8,.437,.341,.527,48.0,50.5,9.3,11.8,.491,15.4,29.4,.290
109,Harvard,24,14,10,.583,-1.90,-3.77,,7,3,,7,4,,7,5,,1699,1627,,63.9,104.9,.293,.410,.538,50.4,52.7,10.2,7.8,.505,15.1,28.7,.215
110,Hawaii,24,18,6,.750,6.40,-3.74,,10,4,,14,1,,4,5,,1914,1627,,71.9,93.8,.340,.305,.484,45.2,36.6,11.2,9.0,.449,14.9,26.2,.227
111,High Point,28,24,4,.857,7.20,-7.96,,12,1,,15,1,,6,2,,2570,1975,,72.0,97.1,.353,.417,.539,47.9,53.8,6.9,9.2,.506,20.9,29.3,.246
112,Hofstra,27,17,10,.630,2.73,-1.76,,8,6,,7,2,,8,8,,2046,1831,,66.4,101.6,.350,.396,.502,46.3,55.0,7.9,10.6,.461,13.2,29.2,.249
113,Holy Cross,27,9,18,.333,-13.00,-5.32,,4,10,,6,6,,2,12,,1823,1969,,66.0,110.5,.269,.395,.563,52.2,51.5,9.6,9.4,.537,13.3,27.1,.195
114,Houston,26,23,3,.885,25.88,9.65,,11,2,,13,0,,5,2,,2024,1602,,64.7,94.8,.394,.428,.502,47.4,54.8,7.0,6.4,.464,18.9,31.1,.264
115,Houston Christian,27,10,17,.370,-9.28,-3.08,,6,12,,8,4,,2,12,,1834,1967,,65.1,111.4,.296,.381,.572,50.8,54.5,10.9,9.4,.547,15.7,31.8,.210
116,Howard,27,17,10,.630,-5.64,-9.94,,7,3,,9,4,,5,6,,2050,1840,,69.9,97.0,.428,.358,.521,46.9,46.4,8.5,11.0,.476,19.1,30.3,.303
117,Idaho,26,14,12,.538,-0.77,-1.77,,6,7,,8,3,,5,8,,2066,1915,,69.9,104.8,.377,.374,.542,47.8,47.2,9.1,7.7,.501,14.2,24.6,.277
118,Idaho State,27,10,17,.370,-5.07,-0.48,,3,11,,6,5,,3,11,,2006,2052,,66.3,114.1,.334,.377,.578,47.4,47.9,9.8,9.4,.542,13.5,28.7,.257
119,Illinois,26,21,5,.808,27.17,11.17,,12,3,,13,2,,6,1,,2189,1773,,66.1,102.1,.186,.416,.494,42.8,51.0,8.6,8.5,.470,9.9,26.5,.134
120,Illinois State,27,17,10,.630,6.96,0.08,,9,7,,11,2,,4,6,,2062,1838,,68.2,99.4,.332,.349,.516,47.3,50.2,8.8,8.3,.483,14.7,25.0,.230
121,Illinois-Chicago,27,15,12,.556,3.08,0.56,,10,6,,8,4,,6,7,,2027,1883,,67.7,102.1,.330,.457,.536,47.6,65.3,9.7,10.5,.497,18.0,32.1,.247
122,Incarnate Word,27,10,17,.370,-7.24,-1.58,,5,13,,8,5,,1,11,,2031,2022,,67.2,111.4,.424,.350,.569,48.3,51.5,9.4,8.8,.531,14.1,29.9,.305
123,Indiana,26,17,9,.654,18.53,9.53,,8,7,,13,2,,3,6,,2089,1855,,67.6,104.1,.367,.368,.520,49.4,47.3,8.3,10.9,.471,13.3,29.4,.278
124,Indiana State,27,10,17,.370,-2.87,-0.15,,3,13,,7,6,,3,10,,2028,2023,,69.2,105.8,.281,.340,.528,50.9,43.0,11.2,13.1,.502,13.4,30.7,.193
125,Iona,27,15,12,.556,-7.13,-7.20,,7,9,,9,3,,5,7,,1976,1974,,68.5,105.7,.281,.395,.527,52.5,56.5,9.9,10.4,.497,14.5,32.3,.201
126,Iowa,25,18,7,.720,19.22,7.14,,8,6,,12,2,,3,5,,1924,1622,,63.8,101.7,.381,.382,.549,49.0,49.2,7.6,8.6,.510,18.7,29.7,.277
127,Iowa State,26,23,3,.885,27.31,8.27,,10,3,,15,0,,4,3,,2175,1680,,68.4,94.4,.266,.427,.513,45.4,54.0,10.0,9.1,.485,19.3,28.4,.187
128,IU Indy,28,7,21,.250,-11.99,-3.88,,3,14,,5,7,,2,13,,2352,2466,,76.4,114.8,.472,.364,.610,54.1,54.6,9.6,7.9,.573,18.2,35.1,.348
129,Jackson State,26,9,17,.346,-18.29,-2.98,,8,5,,5,3,,4,12,,1826,2224,,71.6,118.9,.413,.410,.575,55.0,62.2,10.7,12.2,.537,13.0,37.0,.301
130,Jacksonville,27,10,17,.370,-11.82,-4.26,,5,9,,7,3,,2,13,,1941,1970,,66.2,109.2,.420,.357,.564,48.2,50.7,10.5,7.3,.529,14.4,28.1,.295
131,Jacksonville State,25,13,12,.520,-3.22,-2.67,,8,6,,9,6,,4,5,,1816,1672,,67.0,99.8,.365,.434,.509,47.4,49.5,9.6,9.7,.463,14.7,28.0,.269
132,James Madison,27,14,13,.519,-5.34,-4.11,,6,8,,10,3,,3,10,,1996,2014,,66.7,110.8,.404,.386,.536,49.3,48.2,9.4,11.2,.494,11.3,30.5,.289
133,Kansas,25,19,6,.760,23.26,14.14,,9,3,,12,1,,4,4,,1928,1700,,67.8,99.3,.258,.432,.475,48.0,48.0,9.6,8.7,.450,11.6,29.7,.167
134,Kansas City,26,4,22,.154,-17.70,-0.92,,1,11,,3,9,,1,13,,1829,2169,,71.8,115.7,.305,.378,.573,53.3,51.6,11.3,9.5,.548,13.9,34.7,.216
135,Kansas State,25,10,15,.400,9.02,9.50,,1,11,,8,7,,1,7,,2005,2017,,73.5,109.8,.363,.380,.554,51.2,57.2,10.0,10.3,.518,14.8,33.6,.263
136,Kennesaw State,25,14,11,.560,-0.76,-1.94,,6,8,,10,3,,3,6,,2128,1920,,73.4,103.5,.447,.375,.523,45.9,46.5,10.5,12.4,.470,14.3,29.1,.328
137,Kent State,26,19,7,.731,0.01,-1.99,,10,3,,12,2,,5,5,,2235,2080,,73.3,106.6,.359,.426,.544,45.7,54.9,10.2,8.6,.507,14.2,28.4,.260
138,Kentucky,25,17,8,.680,20.69,11.21,,8,4,,13,2,,3,4,,2041,1804,,69.4,103.9,.357,.401,.523,47.4,56.5,9.4,8.4,.480,13.8,29.5,.263
139,La Salle,25,7,18,.280,-3.97,4.40,,3,9,,5,5,,1,10,,1644,1816,,66.0,110.0,.291,.431,.559,49.4,62.9,10.2,12.0,.535,14.9,31.0,.201
140,Lafayette,27,8,19,.296,-13.05,-5.93,,5,9,,5,8,,3,11,,1845,1995,,67.3,109.2,.306,.385,.553,52.2,58.5,8.3,11.4,.524,14.2,29.6,.220
141,Lamar,27,12,15,.444,-3.37,-2.61,,7,11,,7,6,,5,8,,1931,1866,,66.3,103.7,.430,.368,.533,46.5,57.2,11.0,8.3,.497,15.0,28.2,.291
142,Le Moyne,27,14,13,.519,-9.97,-8.47,,9,5,,8,3,,5,9,,1985,1980,,69.6,105.4,.324,.383,.527,50.4,54.3,11.1,9.7,.489,13.8,30.1,.238
143,Lehigh,27,12,15,.444,-10.25,-6.57,,8,6,,8,4,,3,10,,1985,2029,,67.6,106.7,.329,.313,.538,54.0,45.8,11.8,8.7,.500,14.7,32.2,.245
144,Liberty,25,22,3,.880,5.33,-1.44,,14,0,,12,0,,9,1,,1973,1693,,65.0,103.6,.244,.387,.531,52.3,47.2,7.7,9.9,.507,15.3,28.9,.171
145,Lindenwood,27,16,11,.593,-7.76,-6.85,,10,6,,9,4,,6,7,,2133,1967,,74.2,98.2,.347,.335,.507,48.4,47.9,11.5,8.8,.476,16.9,31.3,.231
146,Lipscomb,27,16,11,.593,-2.77,-3.57,,9,5,,12,1,,4,10,,2190,2062,,72.0,105.6,.294,.405,.550,50.6,46.2,9.1,10.2,.521,16.3,29.3,.212
147,Little Rock,27,10,17,.370,-13.58,-7.26,,7,9,,5,4,,5,13,,1904,2019,,68.7,108.8,.311,.411,.560,51.6,54.0,11.1,5.9,.534,17.0,34.9,.217
148,Long Beach State,26,8,18,.308,-5.27,1.15,,4,10,,7,6,,1,12,,1928,2002,,70.6,108.0,.404,.354,.578,51.0,54.2,8.8,6.6,.535,16.6,27.3,.307
149,Long Island University,27,18,9,.667,-4.15,-6.19,,12,2,,9,1,,9,8,,1976,1921,,68.5,103.3,.351,.335,.526,48.3,47.5,10.8,8.8,.495,16.1,32.7,.237
150,Longwood,28,14,14,.500,-8.86,-7.78,,6,7,,10,4,,3,9,,2142,2043,,70.1,102.2,.380,.430,.547,46.5,50.3,11.1,8.8,.512,18.1,28.0,.267
151,Louisiana,27,9,18,.333,-11.63,-5.00,,6,8,,6,7,,3,11,,1699,1878,,63.5,109.6,.460,.370,.565,52.5,50.3,8.1,7.5,.521,15.4,31.2,.334
152,Louisiana State,25,14,11,.560,13.40,8.00,,2,10,,9,5,,2,5,,2018,1883,,68.8,108.4,.362,.384,.533,48.0,47.4,9.0,8.0,.502,12.8,31.6,.245
153,Louisiana Tech,25,14,11,.560,-5.02,-2.93,,7,7,,12,2,,2,9,,1729,1612,,65.2,97.4,.336,.463,.501,46.3,53.6,10.2,9.6,.465,16.0,29.5,.231
154,Louisiana-Monroe,27,4,23,.148,-18.76,-5.00,,1,13,,3,9,,1,13,,1949,2250,,71.4,115.7,.251,.398,.570,55.3,55.9,11.0,12.1,.550,13.7,35.4,.177
155,Louisville,25,19,6,.760,25.95,9.99,,8,4,,13,2,,3,4,,2172,1773,,71.7,98.9,.336,.405,.507,45.8,48.1,9.0,11.4,.468,14.9,27.2,.240
156,Loyola (IL),26,6,20,.231,-8.34,2.31,,2,11,,4,10,,1,6,,1748,2025,,66.3,117.4,.329,.439,.573,49.7,61.5,11.1,13.5,.533,11.2,30.9,.259
157,Loyola (MD),27,11,16,.407,-12.69,-8.45,,7,7,,8,4,,2,11,,2028,2048,,68.7,108.8,.312,.390,.556,49.5,56.2,9.5,7.7,.528,13.9,28.1,.221
158,Loyola Marymount,28,13,15,.464,1.64,2.27,,4,11,,9,7,,3,7,,2104,2038,,69.3,103.6,.325,.364,.523,51.2,50.8,9.1,6.2,.481,14.6,31.4,.245
159,Maine,27,6,21,.222,-16.53,-8.03,,4,8,,4,7,,2,12,,1689,1872,,65.6,105.7,.344,.360,.537,57.0,53.3,9.9,8.8,.504,16.7,35.1,.241
160,Manhattan,28,12,16,.429,-14.62,-7.81,,8,9,,7,5,,3,11,,2109,2227,,68.5,114.6,.252,.381,.561,53.3,61.4,8.1,10.4,.536,13.8,35.9,.185
161,Marist,26,16,10,.615,-2.73,-8.29,,10,7,,10,3,,6,7,,1821,1650,,66.5,94.9,.366,.370,.495,48.5,44.8,9.7,7.9,.453,16.8,27.2,.256
162,Marquette,26,9,17,.346,7.34,9.07,,4,11,,9,5,,0,10,,1975,2020,,70.4,108.8,.320,.388,.554,52.5,59.8,9.9,10.0,.517,16.1,34.3,.242
163,Marshall,27,17,10,.630,-1.29,-3.75,,9,5,,12,3,,5,7,,2170,2056,,70.6,107.9,.394,.401,.535,49.0,48.8,10.4,7.2,.494,14.5,32.5,.282
164,Maryland,25,10,15,.400,3.48,10.28,,3,11,,6,6,,2,7,,1785,1955,,67.9,114.6,.354,.429,.580,49.9,61.3,8.9,12.1,.551,14.0,31.2,.254
165,Maryland-Baltimore County,24,16,8,.667,-7.57,-11.21,,9,2,,9,2,,7,6,,1804,1653,,67.4,101.1,.257,.353,.514,49.3,42.9,8.3,7.3,.490,13.4,25.4,.174
166,Maryland-Eastern Shore,27,8,19,.296,-16.59,-5.87,,4,6,,5,2,,2,17,,1721,1920,,65.0,107.8,.394,.400,.547,50.3,56.1,13.5,8.5,.504,14.9,32.6,.289
167,Massachusetts,26,15,11,.577,-1.24,-3.72,,6,7,,10,3,,2,6,,2106,1993,,71.8,104.7,.447,.427,.560,46.4,57.6,10.2,7.8,.518,16.0,25.5,.322
168,Massachusetts-Lowell,26,11,15,.423,-14.52,-6.95,,6,5,,7,3,,4,12,,1960,2010,,70.1,110.2,.277,.371,.552,46.5,48.0,12.3,10.1,.523,12.8,28.4,.203
169,McNeese State,27,22,5,.815,8.39,-1.49,,15,3,,12,0,,7,5,,2195,1804,,67.8,98.6,.404,.475,.530,48.5,58.3,6.8,6.5,.485,20.9,34.7,.293
170,Memphis,25,12,13,.480,7.28,6.28,,7,5,,10,3,,2,8,,1870,1845,,71.2,103.1,.423,.446,.527,49.5,56.5,11.6,11.0,.480,16.8,34.8,.303
171,Mercer,27,17,10,.630,-1.56,-4.52,,9,5,,12,0,,5,10,,2238,2005,,71.6,103.7,.274,.427,.527,48.2,48.0,8.6,9.3,.496,15.8,31.4,.200
172,Mercyhurst,27,13,14,.481,-9.83,-8.87,,8,6,,9,2,,4,12,,1838,1782,,64.5,101.5,.403,.352,.530,51.6,53.7,8.0,6.0,.492,17.3,30.3,.279
173,Merrimack,27,18,9,.667,-3.62,-5.32,,14,2,,9,0,,8,7,,1846,1800,,64.5,103.3,.386,.314,.506,57.4,55.1,7.8,12.1,.460,16.2,40.9,.276
174,Miami (FL),25,20,5,.800,17.68,4.20,,9,3,,13,2,,6,1,,2089,1752,,70.4,99.6,.304,.402,.528,43.6,53.2,9.8,9.7,.501,16.4,25.7,.206
175,Miami (OH),25,25,0,1.000,6.92,-5.81,,12,0,,14,0,,10,0,,2315,1857,,72.4,101.1,.298,.388,.526,47.5,47.7,9.0,7.1,.490,16.0,27.4,.221
176,Michigan,25,24,1,.960,34.81,12.53,,14,1,,12,1,,8,0,,2265,1708,,73.2,92.9,.270,.419,.471,43.3,43.1,8.7,8.9,.432,14.5,28.1,.199
177,Michigan State,25,20,5,.800,23.46,11.34,,10,4,,12,2,,4,3,,1970,1667,,67.1,98.4,.312,.466,.510,41.0,57.1,9.9,7.9,.470,13.7,22.5,.233
178,Middle Tennessee,25,12,13,.480,0.58,3.08,,6,8,,8,4,,3,7,,1886,1823,,67.4,105.6,.360,.355,.537,48.6,47.0,9.3,7.5,.498,14.1,27.8,.264
179,Milwaukee,28,11,17,.393,-6.90,-1.76,,7,10,,7,6,,3,11,,2143,2227,,69.7,114.0,.367,.406,.582,48.8,56.7,8.1,8.8,.550,14.2,28.9,.268
180,Minnesota,25,11,14,.440,9.63,7.59,,4,10,,10,4,,1,7,,1774,1723,,63.9,106.3,.305,.413,.541,50.4,56.6,9.1,12.7,.510,15.0,29.8,.219
181,Mississippi,25,11,14,.440,9.43,9.07,,3,9,,7,5,,2,6,,1851,1842,,67.5,108.6,.415,.434,.542,51.3,57.4,8.8,8.3,.503,14.3,32.1,.292
182,Mississippi State,25,12,13,.480,9.11,10.11,,4,8,,7,6,,4,3,,1934,1959,,71.1,108.6,.315,.382,.527,48.9,50.6,9.3,11.7,.488,11.1,29.3,.234
183,Mississippi Valley State,26,1,25,.038,-29.21,-5.61,,0,12,,1,8,,0,15,,1661,2215,,70.3,120.1,.477,.447,.607,55.4,62.2,12.5,8.7,.563,14.8,35.6,.364
184,Missouri,25,17,8,.680,11.91,6.19,,7,5,,13,2,,4,5,,2001,1858,,68.6,107.8,.356,.452,.545,46.5,52.2,8.9,8.4,.502,14.1,30.6,.270
185,Missouri State,25,13,12,.520,-3.01,-1.47,,7,7,,10,5,,3,7,,1878,1824,,67.3,106.3,.371,.354,.545,48.9,51.2,9.8,12.7,.508,15.4,31.1,.265
186,Monmouth,26,14,12,.538,-3.08,-3.40,,8,5,,8,4,,5,7,,1887,1851,,67.7,103.6,.313,.391,.533,50.2,49.2,8.7,9.6,.500,17.2,32.6,.224
187,Montana,26,14,12,.538,-0.42,0.30,,8,5,,9,6,,5,6,,2038,1906,,71.0,103.2,.316,.384,.521,48.3,51.0,11.0,8.8,.492,13.3,26.7,.216
188,Montana State,26,15,11,.577,1.61,0.01,,9,4,,9,2,,5,9,,2022,1839,,67.7,104.0,.282,.344,.539,49.5,44.2,7.7,6.9,.502,15.0,27.6,.218
189,Morehead State,27,15,12,.556,-10.95,-6.03,,11,5,,10,2,,4,10,,2057,2050,,68.0,110.6,.353,.402,.541,48.4,57.3,10.2,8.3,.507,13.9,34.8,.248
190,Morgan State,24,10,14,.417,-19.56,-8.79,,6,3,,6,5,,4,9,,1797,1887,,71.3,110.3,.529,.344,.567,50.8,57.7,9.6,9.0,.527,15.2,32.1,.365
191,Mount St. Mary's,27,12,15,.444,-11.70,-6.32,,8,8,,6,5,,6,10,,1838,1947,,68.1,105.3,.365,.447,.525,47.7,52.8,13.0,8.7,.480,13.4,29.1,.273
192,Murray State,28,19,9,.679,5.30,0.48,,11,6,,11,3,,5,4,,2361,2226,,72.5,109.7,.325,.265,.546,48.4,42.5,9.7,7.9,.514,13.6,31.3,.235
193,Navy,27,21,6,.778,-1.72,-9.40,,13,1,,12,1,,8,4,,2003,1731,,65.9,96.4,.263,.455,.506,45.4,51.4,9.7,7.8,.473,16.3,25.4,.194
194,NC State,26,18,8,.692,20.05,9.47,,9,4,,10,4,,6,2,,2209,1934,,70.4,104.7,.370,.450,.546,50.0,48.5,7.5,8.3,.517,16.5,29.0,.252
195,Nebraska,25,22,3,.880,22.96,9.56,,11,3,,13,2,,6,1,,1984,1649,,68.1,96.3,.246,.494,.500,49.6,59.9,7.1,9.4,.472,16.6,27.5,.173
196,Nevada,25,17,8,.680,11.77,6.77,,9,5,,12,2,,4,5,,1904,1779,,66.0,106.3,.386,.434,.547,48.4,56.1,7.7,10.2,.505,15.0,28.3,.284
197,Nevada-Las Vegas,25,13,12,.520,4.10,5.39,,8,6,,8,5,,5,4,,1980,1969,,71.3,109.4,.469,.372,.566,49.3,56.9,9.4,7.6,.520,16.1,31.2,.343
198,New Hampshire,24,8,16,.333,-14.51,-4.87,,4,7,,7,4,,1,12,,1681,1783,,68.3,106.5,.374,.362,.549,51.0,48.6,9.0,11.5,.509,14.4,27.1,.276
199,New Haven,26,11,15,.423,-13.88,-5.83,,6,7,,7,5,,4,10,,1670,1730,,64.2,103.6,.275,.376,.543,51.1,48.6,9.4,7.4,.512,15.9,26.9,.205
200,New Mexico,25,19,6,.760,14.75,5.08,,10,4,,12,2,,6,3,,2020,1738,,70.9,98.1,.328,.483,.521,48.9,51.0,8.7,9.3,.480,17.4,27.8,.244
201,New Mexico State,25,12,13,.480,0.04,-0.87,,5,10,,7,5,,3,6,,1896,1778,,68.2,103.8,.433,.427,.524,47.9,49.0,8.8,9.4,.473,14.3,29.5,.319
202,New Orleans,27,12,15,.444,-3.81,0.16,,10,8,,5,4,,7,11,,2030,2137,,70.1,111.9,.403,.406,.538,48.9,61.1,11.2,10.5,.494,12.5,34.6,.295
203,Niagara,26,7,19,.269,-16.36,-7.52,,4,12,,5,6,,2,12,,1647,1845,,63.0,112.7,.335,.414,.568,53.7,52.5,10.3,9.2,.528,14.5,32.2,.261
204,Nicholls State,27,11,16,.407,-7.07,-1.57,,10,8,,5,5,,6,11,,1995,2070,,69.6,110.2,.386,.368,.590,54.7,55.0,8.6,9.6,.548,18.6,34.0,.300
205,NJIT,27,15,12,.556,-13.35,-7.47,,10,2,,7,3,,8,9,,1867,1985,,69.2,106.2,.383,.409,.528,52.1,52.1,9.0,7.8,.491,14.0,31.6,.266
206,Norfolk State,27,13,14,.481,-12.28,-8.37,,6,4,,8,3,,4,9,,2038,1960,,69.9,103.9,.421,.429,.546,48.4,58.3,10.5,9.5,.506,17.0,30.0,.300
207,North Alabama,25,8,17,.320,-15.32,-5.01,,3,11,,4,7,,4,10,,1759,1958,,66.3,116.9,.300,.446,.579,50.8,57.1,11.1,9.0,.548,12.8,31.9,.227
208,North Carolina,25,20,5,.800,20.19,8.83,,8,4,,15,0,,3,4,,2045,1761,,69.3,101.6,.242,.364,.499,46.8,50.1,7.9,8.1,.472,12.1,28.0,.169
209,North Carolina A&T,24,10,14,.417,-8.78,-5.33,,3,10,,6,4,,3,9,,1792,1822,,69.8,108.2,.384,.369,.545,46.8,57.4,9.4,8.2,.513,13.0,26.8,.263
210,North Carolina Central,24,10,14,.417,-16.69,-5.09,,6,3,,8,4,,2,10,,1740,1818,,69.4,109.1,.395,.424,.562,53.6,56.1,9.4,11.1,.529,18.3,37.3,.278
211,North Dakota,29,15,14,.517,-9.16,-3.16,,9,4,,8,7,,7,6,,2237,2245,,69.8,110.0,.440,.426,.591,51.7,59.3,7.4,8.8,.560,18.5,30.8,.309
212,North Dakota State,27,21,6,.778,1.86,-4.76,,11,1,,11,1,,9,4,,2198,1917,,68.5,101.8,.278,.415,.553,47.0,51.6,9.4,7.8,.522,18.3,27.1,.208
213,North Florida,27,6,21,.222,-15.53,-1.89,,4,10,,4,6,,2,13,,2178,2420,,72.7,122.6,.308,.394,.586,54.6,51.4,10.9,12.2,.564,11.5,37.0,.216
214,North Texas,26,15,11,.577,2.01,0.80,,6,7,,10,4,,4,6,,1836,1720,,66.9,97.5,.442,.375,.522,50.2,48.8,10.1,11.0,.474,20.0,33.7,.314
215,Northeastern,24,6,18,.250,-8.25,-2.00,,2,11,,2,7,,3,11,,1803,1953,,69.8,116.0,.398,.356,.599,53.5,51.3,9.1,9.9,.565,15.5,32.5,.293
216,Northern Arizona,27,10,17,.370,-9.48,-0.94,,4,10,,9,6,,1,10,,1960,2052,,67.1,113.2,.319,.401,.581,53.5,50.4,8.5,7.9,.549,15.6,31.7,.238
217,Northern Colorado,27,17,10,.630,0.61,-1.81,,7,7,,9,3,,7,6,,2240,2071,,70.1,107.4,.366,.351,.543,46.0,36.5,8.5,6.6,.499,11.8,23.5,.277
218,Northern Illinois,24,8,16,.333,-12.93,-2.30,,3,9,,6,4,,2,12,,1705,1836,,70.3,108.9,.379,.384,.572,48.3,51.2,11.5,14.4,.538,15.7,29.3,.273
219,Northern Iowa,27,17,10,.630,7.55,1.82,,9,7,,12,3,,4,6,,1866,1652,,64.0,94.7,.297,.413,.498,50.7,49.1,9.0,8.4,.462,16.0,24.6,.212
220,Northern Kentucky,27,16,11,.593,-2.86,-4.57,,8,8,,11,4,,5,7,,2239,2074,,71.7,106.1,.346,.389,.554,50.1,51.6,9.3,7.3,.525,17.1,32.6,.240
221,Northwestern,26,10,16,.385,11.85,10.85,,2,13,,7,6,,2,7,,1924,1898,,66.7,109.0,.358,.399,.538,53.2,61.2,7.6,7.0,.499,14.1,34.5,.261
222,Northwestern State,27,8,19,.296,-9.00,-1.40,,6,12,,6,6,,2,13,,1892,2009,,66.5,111.4,.377,.379,.565,52.8,52.4,10.3,9.8,.534,14.9,33.0,.265
223,Notre Dame,26,12,14,.462,10.18,8.95,,3,10,,9,5,,2,7,,1941,1909,,66.6,108.7,.335,.470,.549,47.0,55.4,8.6,8.7,.512,12.7,26.1,.250
224,Oakland,27,14,13,.519,-0.53,1.36,,10,6,,6,3,,7,9,,2234,2217,,71.8,114.4,.232,.417,.564,51.3,65.1,7.6,11.8,.541,13.5,34.5,.169
225,Ohio,26,13,13,.500,-3.81,-0.39,,7,6,,9,4,,3,7,,2017,2023,,70.8,109.3,.367,.346,.557,51.5,49.1,8.5,8.1,.520,15.2,32.3,.268
226,Ohio State,25,16,9,.640,17.23,9.83,,8,6,,11,3,,4,4,,2024,1839,,67.5,107.3,.344,.407,.534,48.3,51.3,8.1,9.4,.494,13.8,31.4,.254
227,Oklahoma,25,13,12,.520,12.79,7.07,,3,9,,9,4,,2,6,,2086,1943,,69.4,111.5,.336,.393,.554,48.8,49.9,8.1,9.9,.517,13.2,31.8,.251
228,Oklahoma State,25,16,9,.640,12.12,8.72,,4,8,,13,3,,1,5,,2118,2033,,75.1,107.7,.333,.432,.550,49.5,57.1,9.2,10.4,.518,14.7,30.3,.237
229,Old Dominion,28,10,18,.357,-6.31,-2.87,,6,9,,7,6,,3,12,,2093,2146,,69.9,108.7,.406,.359,.539,51.6,53.0,8.9,10.7,.493,12.5,29.8,.300
230,Omaha,28,14,14,.500,-6.09,-2.92,,7,6,,9,4,,5,8,,2176,2158,,68.9,111.3,.313,.466,.557,49.3,53.1,9.2,10.1,.523,12.7,28.5,.233
231,Oral Roberts,27,6,21,.222,-12.33,-0.25,,1,11,,5,8,,0,12,,1937,2128,,69.7,112.0,.389,.359,.562,51.6,44.2,11.3,10.5,.527,13.6,31.7,.278
232,Oregon,25,9,16,.360,9.37,12.01,,2,12,,8,6,,1,6,,1806,1872,,66.7,111.7,.338,.403,.560,49.0,51.4,10.2,9.0,.518,13.6,31.4,.263
233,Oregon State,28,14,14,.500,0.28,3.53,,7,8,,10,5,,4,6,,1966,2057,,66.1,109.7,.361,.404,.540,52.5,54.0,10.3,10.0,.499,13.2,32.6,.267
234,Pacific,28,17,11,.607,5.09,1.66,,8,7,,11,2,,4,9,,2077,1907,,66.4,102.1,.363,.419,.525,43.1,48.7,10.0,9.8,.485,14.1,24.0,.259
235,Penn State,26,11,15,.423,5.30,8.88,,2,13,,8,6,,2,7,,1961,2054,,67.9,116.4,.271,.437,.605,53.1,59.4,8.1,10.6,.580,16.0,31.8,.208
236,Pennsylvania,23,13,10,.565,-1.69,-1.64,,6,4,,10,2,,3,7,,1761,1715,,69.9,106.7,.284,.390,.541,49.5,52.7,8.6,9.4,.519,14.8,30.4,.191
237,Pepperdine,27,7,20,.259,-6.36,4.44,,2,12,,6,9,,1,10,,1908,2133,,69.2,113.2,.280,.414,.567,51.9,53.7,11.1,10.5,.540,14.2,33.2,.206
238,Pittsburgh,26,9,17,.346,7.72,9.57,,2,11,,7,9,,1,7,,1818,1866,,64.9,110.0,.330,.402,.568,48.2,53.6,9.4,8.4,.531,14.5,28.0,.252
239,Portland,27,12,15,.444,-1.26,4.47,,5,9,,11,5,,1,10,,2033,2122,,70.9,109.8,.334,.465,.563,49.8,65.5,10.3,6.7,.527,15.3,31.1,.252
240,Portland State,24,17,7,.708,1.04,-2.34,,11,2,,9,2,,8,5,,1866,1674,,69.3,99.6,.445,.394,.523,46.4,53.7,9.5,6.9,.467,15.9,26.4,.333
241,Prairie View,26,10,16,.385,-14.77,-6.86,,5,8,,8,3,,1,12,,2098,2086,,76.3,105.1,.433,.361,.559,54.5,49.1,8.6,7.7,.518,18.8,34.6,.312
242,Presbyterian,27,13,14,.481,-9.28,-5.44,,6,6,,9,3,,3,11,,1937,1930,,66.4,106.7,.356,.361,.541,46.5,50.1,9.9,8.0,.507,13.9,28.7,.250
243,Princeton,25,8,17,.320,-6.84,-1.67,,4,6,,7,3,,1,10,,1727,1810,,64.8,110.6,.328,.411,.551,50.3,50.1,9.6,10.5,.519,12.5,28.2,.237
244,Providence,26,11,15,.423,11.53,9.49,,4,11,,9,5,,1,7,,2273,2220,,72.6,113.7,.338,.392,.549,47.9,55.1,10.5,8.9,.516,11.2,31.1,.242
245,Purdue,25,21,4,.840,25.93,11.89,,11,3,,11,2,,7,2,,2066,1715,,66.5,102.7,.248,.460,.526,44.3,55.7,8.3,6.6,.502,14.4,26.0,.174
246,Purdue Fort Wayne,27,15,12,.556,-6.62,-1.78,,9,7,,11,3,,4,9,,2123,2075,,70.4,109.2,.271,.434,.573,55.6,53.4,6.8,8.0,.542,17.5,33.6,.208
247,Queens (NC),27,15,12,.556,-3.73,-4.07,,10,4,,11,2,,4,9,,2276,2256,,70.9,117.3,.401,.399,.581,50.7,49.2,9.2,9.3,.544,13.2,33.0,.296
248,Quinnipiac,28,18,10,.643,-4.39,-6.39,,11,6,,10,4,,8,6,,2114,2000,,70.4,101.0,.302,.362,.519,48.7,52.3,9.2,10.9,.483,15.6,31.2,.221
249,Radford,27,14,13,.519,-6.08,-4.92,,7,5,,10,5,,4,6,,2219,2139,,72.9,107.6,.400,.395,.560,50.4,55.1,9.7,9.0,.523,16.5,31.2,.288
250,Rhode Island,25,14,11,.560,3.75,0.07,,5,7,,8,5,,4,4,,1804,1712,,65.9,102.9,.422,.420,.554,49.8,54.3,11.6,9.4,.516,18.8,31.1,.298
251,Rice,26,11,15,.423,-4.66,0.51,,5,8,,7,7,,3,7,,1942,1948,,67.3,109.2,.381,.355,.543,49.0,46.9,10.9,10.2,.501,14.4,33.4,.279
252,Richmond,26,14,12,.538,3.58,0.54,,4,9,,10,6,,3,5,,2023,1919,,69.1,106.3,.347,.455,.542,51.2,46.4,8.0,7.8,.508,15.3,30.3,.246
253,Rider,25,3,22,.120,-18.68,-3.76,,2,14,,3,8,,0,14,,1588,1914,,65.6,116.6,.317,.404,.566,50.9,53.7,10.4,8.0,.540,12.3,34.0,.223
254,Robert Morris,28,18,10,.643,-2.48,-4.56,,10,7,,11,3,,7,7,,2186,2062,,66.8,107.9,.422,.367,.552,44.6,53.2,10.4,9.7,.503,14.6,27.9,.320
255,Rutgers,25,10,15,.400,3.42,9.06,,3,11,,9,6,,0,7,,1750,1891,,66.1,112.7,.302,.389,.558,51.4,57.3,8.7,9.4,.524,14.0,33.9,.228
256,Sacramento State,25,9,16,.360,-6.97,0.67,,5,8,,9,2,,0,14,,1972,2058,,73.5,111.5,.348,.417,.564,52.7,58.8,9.8,8.1,.530,14.3,31.3,.256
257,Sacred Heart,28,12,16,.429,-11.03,-7.77,,8,9,,7,5,,5,11,,2135,2166,,68.7,112.0,.284,.428,.563,50.2,59.4,10.4,8.6,.538,13.5,30.5,.201
258,Saint Francis (PA),26,6,20,.231,-18.97,-4.72,,4,9,,5,6,,1,12,,1857,2115,,70.7,114.6,.378,.407,.593,53.3,57.7,8.9,10.0,.564,16.1,32.4,.270
259,Saint Joseph's,25,15,10,.600,0.09,0.36,,7,5,,10,3,,3,7,,1839,1784,,69.0,102.9,.264,.389,.504,47.9,51.5,10.7,11.2,.477,13.1,31.2,.180
260,Saint Louis,25,24,1,.960,21.28,0.24,,12,0,,16,0,,7,0,,2269,1683,,73.0,92.2,.363,.404,.468,43.2,49.7,10.2,10.7,.417,14.1,25.3,.262
261,Saint Mary's (CA),27,23,4,.852,17.50,4.47,,12,2,,15,0,,6,2,,2120,1727,,66.7,95.9,.258,.365,.489,42.2,55.5,8.2,9.1,.455,13.9,24.1,.188
262,Saint Peter's,24,15,9,.625,-6.33,-7.33,,12,4,,12,1,,3,8,,1734,1645,,66.3,102.9,.474,.364,.541,48.8,55.1,8.6,10.1,.487,18.1,33.1,.352
263,Sam Houston,25,17,8,.680,3.79,0.24,,9,5,,9,1,,6,7,,2074,1849,,71.7,103.1,.357,.427,.516,45.9,49.7,9.4,7.4,.479,14.4,30.2,.249
264,Samford,27,15,12,.556,-4.71,-4.79,,8,6,,9,3,,5,8,,2113,2020,,68.6,107.6,.317,.353,.539,49.7,46.7,7.2,9.9,.502,11.8,25.6,.236
265,San Diego,28,11,17,.393,-2.72,3.21,,5,10,,9,7,,2,9,,2115,2194,,70.3,110.5,.375,.405,.571,53.3,56.8,10.2,9.5,.536,16.9,35.0,.273
266,San Diego State,24,18,6,.750,15.54,7.32,,12,2,,12,1,,5,2,,1915,1664,,69.6,97.0,.366,.488,.515,48.4,59.9,9.9,6.1,.470,18.6,30.3,.269
267,San Francisco,28,15,13,.536,4.64,3.90,,7,8,,9,4,,3,7,,2101,2036,,67.0,107.6,.307,.357,.534,47.3,52.5,9.0,8.7,.499,12.2,27.5,.227
268,San Jose State,25,6,19,.240,-3.18,6.58,,1,13,,5,8,,0,10,,1754,1934,,65.7,117.1,.339,.398,.597,53.7,58.6,8.7,9.2,.562,15.3,35.2,.262
269,Santa Clara,28,22,6,.786,16.39,5.32,,13,2,,13,1,,7,2,,2343,2014,,70.7,101.8,.377,.371,.548,47.7,59.4,9.4,8.1,.508,18.2,30.8,.276
270,Seattle,27,16,11,.593,4.49,3.21,,5,9,,12,3,,3,7,,1958,1817,,69.6,96.3,.318,.375,.512,51.8,54.2,10.0,8.8,.473,18.3,30.8,.232
271,Seton Hall,26,18,8,.692,13.74,7.05,,8,7,,11,3,,5,4,,1864,1690,,66.9,97.1,.418,.428,.519,48.0,56.8,9.3,8.1,.472,19.2,31.3,.300
272,Siena,27,18,9,.667,-4.09,-8.97,,11,5,,7,4,,9,5,,1917,1785,,64.6,102.3,.283,.399,.527,47.8,49.3,10.1,9.0,.498,15.5,28.8,.200
273,South Alabama,27,19,8,.704,-4.17,-6.37,,9,5,,8,2,,8,6,,2011,1874,,66.5,102.4,.217,.650,.514,50.9,71.2,8.3,11.4,.489,15.9,30.8,.156
274,South Carolina,25,11,14,.440,7.32,6.80,,2,10,,10,6,,1,6,,1911,1898,,68.3,109.5,.348,.352,.542,52.1,56.3,8.9,11.5,.507,12.8,31.5,.250
275,South Carolina State,24,6,18,.250,-23.00,-5.86,,4,4,,5,4,,1,14,,1561,1918,,70.3,113.6,.497,.387,.580,53.6,60.4,10.5,9.2,.537,16.1,36.4,.361
276,South Carolina Upstate,27,11,16,.407,-9.52,-4.06,,3,9,,8,5,,3,11,,2042,2018,,70.5,104.0,.351,.366,.529,50.5,44.7,10.1,10.3,.494,14.7,30.8,.246
277,South Dakota,27,14,13,.519,-8.18,-4.39,,6,6,,10,5,,3,8,,2189,2191,,71.7,111.2,.293,.307,.577,49.3,44.3,10.0,9.1,.551,14.8,29.2,.212
278,South Dakota State,27,12,15,.444,-2.17,-2.17,,5,7,,8,3,,3,8,,2046,1960,,68.3,105.8,.313,.474,.541,47.6,53.9,9.8,7.4,.506,14.0,26.1,.231
279,South Florida,26,18,8,.692,11.24,2.96,,10,3,,10,2,,7,3,,2308,2040,,73.9,103.7,.384,.387,.528,47.1,50.4,8.8,13.3,.490,15.9,31.4,.269
280,Southeast Missouri State,27,16,11,.593,-6.33,-7.00,,11,5,,9,4,,6,7,,2045,1929,,71.2,100.4,.434,.344,.542,48.7,43.4,10.0,8.4,.497,17.4,26.7,.315
281,Southeastern Louisiana,27,8,19,.296,-8.69,-2.38,,5,13,,5,5,,1,14,,1731,1869,,65.6,105.0,.404,.384,.551,51.8,52.1,10.4,9.6,.508,17.0,30.8,.297
282,Southern,26,12,14,.462,-10.65,-4.78,,8,5,,7,2,,5,12,,2088,2041,,73.0,106.0,.418,.403,.566,49.7,53.6,8.7,9.5,.521,18.1,30.4,.315
283,Southern California,25,18,7,.720,13.54,9.49,,7,7,,9,3,,5,4,,2032,1896,,71.5,104.0,.340,.418,.529,47.1,53.9,10.2,7.7,.484,14.9,30.5,.261
284,Southern Illinois,27,12,15,.444,3.36,1.79,,6,10,,7,6,,4,8,,2001,1919,,70.5,99.5,.328,.409,.520,48.3,51.8,9.8,7.8,.487,16.3,27.4,.227
285,SIU Edwardsville,27,17,10,.630,-7.36,-9.36,,10,6,,8,5,,8,5,,1951,1754,,67.0,96.5,.333,.394,.491,48.5,46.5,10.3,8.1,.450,15.8,30.9,.237
286,Southern Indiana,26,5,21,.192,-15.85,-7.85,,2,14,,3,10,,2,9,,1781,1919,,69.4,105.4,.363,.275,.524,52.1,38.7,10.0,13.6,.482,14.2,33.4,.265
287,Southern Methodist,25,17,8,.680,18.62,9.98,,6,6,,13,2,,3,5,,2155,1939,,71.4,107.5,.323,.464,.542,47.3,60.5,9.3,7.5,.510,14.9,31.3,.230
288,Southern Mississippi,28,14,14,.500,-6.36,-4.17,,7,8,,9,3,,3,10,,2054,2052,,69.3,104.8,.401,.414,.544,47.8,49.1,10.1,10.5,.508,15.4,27.8,.278
289,Southern Utah,26,9,17,.346,-10.31,0.52,,5,8,,6,4,,2,13,,1978,2069,,72.4,109.4,.287,.301,.541,50.3,46.8,11.9,10.2,.513,13.0,31.4,.203
290,St. Bonaventure,25,14,11,.560,2.01,1.01,,3,9,,8,5,,4,4,,1915,1851,,67.5,109.1,.332,.399,.569,47.5,57.3,9.3,8.0,.532,16.0,29.6,.254
291,St. John's (NY),25,20,5,.800,22.16,9.92,,13,1,,12,2,,7,0,,2108,1802,,72.0,99.6,.324,.339,.517,47.4,45.9,8.8,9.6,.480,17.1,31.6,.234
292,St. Thomas,28,21,7,.750,3.17,-5.24,,10,3,,12,1,,8,5,,2350,2035,,70.8,102.6,.284,.411,.534,51.0,54.4,7.3,8.0,.501,15.5,27.0,.211
293,Stanford,26,16,10,.615,11.77,8.89,,5,8,,10,6,,3,4,,1961,1886,,68.8,105.5,.409,.327,.560,49.1,42.9,7.3,9.8,.514,16.6,28.4,.309
294,Stephen F. Austin,27,24,3,.889,5.84,-4.41,,17,1,,14,0,,10,3,,2094,1763,,67.3,97.0,.306,.344,.498,46.5,44.4,7.7,9.1,.461,15.2,28.3,.219
295,Stetson,27,9,18,.333,-14.32,-3.96,,5,9,,7,4,,2,13,,1964,2175,,69.1,116.1,.290,.411,.577,51.7,54.6,11.6,7.7,.551,13.1,31.2,.210
296,Stonehill,27,9,18,.333,-15.70,-8.14,,6,8,,6,4,,3,13,,1756,1852,,66.7,101.4,.302,.333,.506,47.8,43.2,11.8,12.6,.479,12.0,25.9,.199
297,Stony Brook,27,16,11,.593,-4.42,-3.66,,8,6,,11,3,,4,7,,1943,1891,,66.8,103.4,.318,.389,.521,51.5,53.9,9.6,11.7,.486,15.1,31.7,.226
298,Syracuse,27,15,12,.556,10.95,8.13,,6,8,,12,4,,2,5,,2053,1977,,68.2,105.3,.337,.348,.529,51.4,53.6,10.0,7.8,.492,15.3,33.5,.244
299,Tarleton State,26,13,13,.500,-3.64,-1.14,,4,9,,9,4,,4,9,,1958,1885,,72.3,98.9,.445,.404,.558,51.2,54.8,10.4,9.4,.517,22.4,32.8,.317
300,TCU,25,16,9,.640,15.09,8.29,,6,6,,11,5,,3,4,,1972,1802,,70.0,101.5,.308,.375,.537,48.4,61.3,8.8,9.3,.508,17.1,29.2,.215
301,Temple,25,15,10,.600,0.60,-1.90,,7,5,,9,4,,5,3,,1867,1761,,65.8,106.6,.352,.370,.532,49.7,50.7,8.5,12.5,.498,13.5,30.3,.247
302,Tennessee,25,18,7,.720,22.05,10.29,,8,4,,13,1,,3,4,,2026,1732,,68.1,100.3,.350,.452,.506,40.8,46.1,11.2,9.7,.471,14.1,27.7,.239
303,Tennessee State,26,17,9,.654,-8.12,-8.64,,11,5,,8,2,,8,7,,2101,1979,,72.7,104.2,.405,.365,.554,48.1,50.4,10.1,6.9,.516,17.6,29.6,.291
304,Tennessee Tech,27,11,16,.407,-13.97,-7.97,,6,10,,6,6,,5,10,,2016,2046,,69.9,108.3,.312,.365,.543,48.5,53.2,11.3,10.1,.508,14.0,31.2,.230
305,Tennessee-Martin,27,20,7,.741,-4.06,-9.02,,12,4,,11,1,,8,5,,1958,1715,,67.8,93.6,.347,.410,.484,44.4,55.6,13.6,9.2,.445,17.2,29.7,.238
306,Texas,25,16,9,.640,17.96,8.37,,7,5,,11,3,,3,4,,2130,1859,,69.3,106.7,.419,.347,.536,43.4,45.4,9.2,8.5,.492,12.7,26.7,.302
307,Texas A&M,25,17,8,.680,17.81,6.57,,7,5,,12,3,,4,4,,2245,1964,,73.5,105.3,.352,.419,.545,49.4,56.9,9.1,11.0,.506,16.4,31.9,.261
308,Texas A&M-Corpus Christi,27,14,13,.519,-2.58,-0.41,,10,8,,8,5,,6,8,,1979,1845,,69.4,98.1,.463,.358,.530,47.4,48.9,10.3,10.5,.481,18.2,26.8,.331
309,Texas Southern,24,9,15,.375,-13.73,-4.82,,7,6,,7,4,,2,11,,1790,1904,,71.8,109.4,.447,.422,.562,50.8,52.7,11.5,8.4,.522,15.1,30.3,.319
310,Texas State,28,17,11,.607,-7.01,-6.59,,9,6,,15,1,,2,8,,2084,1984,,68.4,102.6,.378,.382,.542,46.2,44.4,11.7,9.8,.505,16.8,27.6,.267
311,Texas Tech,25,19,6,.760,23.19,13.55,,9,3,,12,1,,4,3,,2050,1809,,69.0,104.4,.325,.351,.524,47.7,41.7,8.4,7.1,.492,13.6,29.1,.226
312,Texas-Rio Grande Valley,27,15,12,.556,0.64,-1.32,,11,7,,8,5,,7,7,,2038,1874,,67.3,103.1,.366,.397,.515,49.1,58.1,8.8,10.1,.476,14.5,30.9,.257
313,The Citadel,27,9,18,.333,-16.88,-5.55,,6,8,,7,6,,2,11,,1867,2057,,64.8,115.4,.328,.430,.576,51.2,51.6,9.4,11.3,.554,12.9,30.0,.223
314,Toledo,26,13,13,.500,-0.86,-1.16,,7,6,,8,4,,4,8,,2102,2018,,70.4,110.2,.261,.399,.561,51.1,52.9,8.7,8.7,.539,15.8,33.8,.183
315,Towson,27,14,13,.519,-1.17,-0.37,,6,8,,9,3,,2,9,,1874,1808,,65.5,102.2,.289,.425,.521,45.5,48.1,8.3,7.1,.490,14.0,26.7,.204
316,Troy,27,17,10,.630,0.05,-2.75,,9,5,,8,3,,8,6,,2205,2016,,69.0,103.4,.322,.375,.530,48.3,50.3,9.7,11.0,.500,16.1,30.9,.223
317,Tulane,25,15,10,.600,-0.86,0.55,,6,6,,9,6,,5,2,,1817,1839,,68.4,107.0,.369,.394,.533,55.6,54.9,9.3,9.8,.499,15.1,35.0,.255
318,Tulsa,26,20,6,.769,11.30,1.55,,8,5,,10,2,,6,4,,2226,1898,,69.4,105.2,.310,.399,.525,45.6,48.7,8.8,9.2,.491,12.9,28.0,.220
319,UAB,26,16,10,.615,4.04,0.12,,7,6,,7,8,,7,2,,2075,1921,,71.5,101.9,.283,.410,.527,47.0,51.3,8.1,10.0,.493,15.0,26.4,.208
320,UC Davis,26,16,10,.615,-0.27,-0.72,,9,6,,12,3,,4,7,,2025,1931,,71.9,103.3,.390,.388,.551,50.6,54.7,9.0,9.4,.513,18.2,29.8,.281
321,UC Irvine,26,17,9,.654,3.15,-1.35,,10,4,,9,3,,5,5,,2019,1768,,71.8,93.8,.279,.373,.475,47.9,53.3,9.1,7.8,.440,16.0,30.8,.196
322,UC Riverside,27,8,19,.296,-8.81,0.31,,3,12,,5,6,,3,13,,1940,2102,,70.1,111.0,.368,.323,.562,50.7,49.8,10.8,8.3,.533,13.8,30.2,.254
323,UC San Diego,27,18,9,.667,3.38,-0.94,,8,7,,8,5,,6,4,,2061,1898,,70.1,100.3,.300,.425,.516,48.9,54.4,9.0,10.7,.484,14.9,27.1,.210
324,UC Santa Barbara,26,17,9,.654,1.90,-2.02,,10,5,,10,2,,5,6,,2059,1899,,67.3,107.5,.402,.376,.577,45.7,50.8,9.9,9.9,.541,16.7,25.0,.293
325,UCF,24,17,7,.708,13.27,9.19,,6,6,,12,3,,3,4,,1962,1864,,70.9,109.5,.342,.404,.564,46.2,53.1,8.7,8.5,.529,14.3,27.5,.252
326,UCLA,25,17,8,.680,16.85,9.41,,9,5,,14,1,,3,4,,1948,1762,,66.6,104.8,.365,.442,.541,49.8,58.9,7.7,6.9,.498,16.2,31.8,.274
327,UNC Asheville,26,12,14,.462,-4.81,-3.55,,6,6,,8,6,,3,8,,1919,1867,,67.9,105.3,.366,.362,.533,48.7,48.2,9.3,7.7,.501,14.2,29.9,.249
328,UNC Greensboro,27,12,15,.444,-10.83,-4.83,,8,6,,8,5,,3,7,,2124,2168,,69.0,114.8,.294,.462,.566,49.9,50.3,8.7,9.1,.541,11.6,28.7,.208
329,UNC Wilmington,26,22,4,.846,2.87,-4.93,,11,2,,13,2,,9,2,,2003,1743,,66.8,100.3,.295,.428,.506,45.2,47.0,7.6,8.2,.469,13.4,26.5,.216
330,UT Arlington,25,14,11,.560,-1.82,-1.56,,6,7,,8,3,,6,7,,1804,1703,,68.2,98.5,.425,.304,.513,45.7,50.5,11.6,8.8,.467,16.3,28.4,.301
331,Utah,25,9,16,.360,6.72,9.88,,1,11,,8,6,,0,8,,1909,1988,,69.4,114.0,.305,.336,.557,51.3,47.3,8.4,12.0,.529,12.0,32.3,.218
332,Utah State,25,22,3,.880,19.35,5.47,,12,2,,11,1,,7,2,,2117,1728,,68.8,99.9,.392,.409,.523,46.9,46.6,9.1,8.6,.477,18.0,31.2,.288
333,Utah Tech,27,16,11,.593,-2.44,-0.61,,9,4,,10,2,,5,8,,2077,1987,,69.3,103.8,.335,.338,.521,50.9,46.8,9.8,7.7,.484,15.4,32.9,.240
334,Utah Valley,25,18,7,.720,6.44,-0.93,,8,4,,12,0,,3,7,,2038,1703,,70.7,95.8,.370,.348,.515,45.4,52.0,11.6,7.1,.471,18.9,30.0,.270
335,UTEP,26,10,16,.385,-5.52,0.26,,6,9,,8,6,,2,8,,1815,1868,,66.5,106.4,.441,.376,.552,52.2,53.7,10.2,8.3,.514,16.7,32.6,.309
336,UTSA,25,5,20,.200,-14.87,1.52,,1,12,,2,9,,2,10,,1739,2016,,70.4,114.5,.341,.436,.555,53.2,57.0,11.9,12.4,.524,13.4,36.6,.241
337,Valparaiso,27,14,13,.519,-0.14,1.01,,8,8,,11,4,,3,9,,1926,1916,,66.5,105.3,.354,.368,.533,49.0,47.2,7.3,8.0,.498,14.7,30.1,.249
338,Vanderbilt,25,21,4,.840,23.96,9.16,,8,4,,12,2,,6,2,,2210,1840,,72.1,101.6,.401,.392,.525,48.5,44.7,6.7,6.7,.473,15.9,29.4,.304
339,Vermont,27,17,10,.630,-5.71,-9.15,,9,3,,9,3,,7,5,,2030,1886,,65.1,105.9,.368,.420,.547,46.5,51.4,8.5,8.5,.508,13.1,21.7,.270
340,Villanova,25,20,5,.800,17.86,9.22,,11,3,,11,2,,7,2,,1944,1728,,65.8,104.0,.286,.382,.532,48.9,51.0,7.6,6.9,.505,16.2,32.1,.199
341,Virginia,25,22,3,.880,20.45,6.45,,10,2,,12,1,,7,1,,2035,1685,,66.3,99.2,.348,.367,.494,43.8,48.3,9.2,9.4,.450,13.8,28.5,.252
342,Virginia Commonwealth,26,20,6,.769,13.16,2.16,,11,2,,12,2,,6,2,,2171,1885,,70.3,103.1,.354,.323,.526,47.7,48.6,9.2,8.9,.486,15.0,29.9,.258
343,VMI,27,6,21,.222,-20.31,-5.27,,1,13,,5,8,,1,11,,1955,2147,,69.2,115.0,.335,.443,.567,54.9,63.2,8.5,10.6,.537,14.4,35.3,.239
344,Virginia Tech,26,17,9,.654,12.70,8.27,,6,7,,12,3,,3,4,,2058,1943,,68.6,105.9,.279,.399,.539,50.2,47.0,7.7,9.4,.508,15.3,32.2,.205
345,Wagner,25,9,16,.360,-13.11,-7.51,,4,10,,6,5,,3,11,,1791,1839,,66.6,108.3,.385,.376,.546,47.5,57.2,11.0,9.7,.507,13.9,29.0,.279
346,Wake Forest,25,13,12,.520,12.93,10.25,,4,8,,9,6,,2,4,,1992,1925,,70.8,107.7,.369,.469,.559,51.6,59.2,9.7,8.3,.521,16.9,32.9,.272
347,Washington,26,13,13,.500,15.37,10.95,,5,10,,9,5,,3,7,,1998,1883,,67.9,105.6,.323,.377,.533,46.3,47.5,8.2,8.8,.498,13.0,28.2,.232
348,Washington State,27,11,16,.407,4.52,5.86,,6,8,,8,5,,1,9,,2068,2098,,69.4,112.0,.344,.379,.566,47.8,48.7,10.5,8.6,.532,12.9,27.1,.253
349,Weber State,27,13,14,.481,-2.81,-2.37,,7,7,,9,5,,4,9,,2202,2082,,71.2,107.3,.358,.402,.562,46.9,49.5,8.7,10.3,.528,15.2,26.0,.260
350,West Georgia,26,12,14,.462,-12.02,-5.15,,6,8,,8,5,,4,9,,1971,2078,,70.2,112.8,.341,.368,.567,50.0,51.6,9.2,5.7,.536,13.3,30.2,.247
351,West Virginia,25,16,9,.640,12.93,6.57,,7,5,,13,2,,3,3,,1753,1594,,64.1,98.5,.268,.393,.516,47.8,57.3,9.7,11.5,.483,15.8,26.3,.197
352,Western Carolina,25,10,15,.400,-8.54,-2.63,,6,8,,7,3,,3,12,,1952,1975,,69.8,112.1,.399,.446,.580,46.1,50.5,9.1,7.3,.539,13.9,26.3,.302
353,Western Illinois,27,5,22,.185,-22.52,-7.64,,1,15,,4,8,,1,14,,1766,2065,,67.2,113.2,.328,.371,.566,52.2,50.6,9.8,10.7,.538,13.6,32.6,.233
354,Western Kentucky,25,14,11,.560,0.17,0.26,,7,7,,10,4,,3,5,,1937,1866,,71.2,104.4,.432,.429,.535,48.8,59.1,8.3,12.6,.496,15.6,30.0,.298
355,Western Michigan,25,9,16,.360,-8.66,-2.35,,3,9,,7,5,,2,11,,1871,1983,,69.7,113.8,.358,.455,.568,48.3,56.4,9.5,11.4,.539,12.6,29.4,.253
356,Wichita State,26,16,10,.615,8.46,2.14,,8,5,,12,3,,4,4,,2005,1821,,66.7,103.0,.337,.358,.517,45.5,45.9,8.7,8.3,.480,14.4,29.5,.240
357,William & Mary,26,16,10,.615,1.99,-1.43,,7,7,,9,2,,5,8,,2175,1999,,74.2,103.6,.338,.446,.534,50.0,53.2,10.3,10.6,.502,16.5,30.7,.236
358,Winthrop,27,19,8,.704,0.74,-4.30,,11,1,,11,1,,7,7,,2296,2014,,71.7,103.6,.359,.430,.536,46.1,45.0,8.0,10.2,.497,15.4,27.3,.261
359,Wisconsin,25,18,7,.720,18.61,10.53,,10,4,,13,2,,4,2,,2092,1890,,69.8,106.8,.322,.403,.541,48.3,49.2,6.7,11.3,.506,12.9,26.4,.236
360,Wofford,27,17,10,.630,-6.35,-6.35,,9,5,,9,3,,8,7,,2137,2079,,68.5,112.5,.344,.383,.571,49.2,49.7,8.5,9.4,.533,13.6,29.1,.263
361,Wright State,27,17,10,.630,0.20,-3.68,,12,4,,9,4,,7,5,,2167,1968,,68.6,105.8,.331,.346,.550,47.1,45.0,9.8,9.4,.519,15.6,28.7,.235
362,Wyoming,25,13,12,.520,8.33,4.91,,4,10,,11,4,,1,8,,1936,1830,,68.3,107.2,.480,.386,.561,46.2,46.0,8.8,10.0,.518,15.0,26.4,.342
363,Xavier,25,13,12,.520,8.24,9.00,,5,9,,11,4,,1,7,,1944,1963,,71.8,108.8,.332,.350,.556,52.4,64.3,8.3,10.5,.530,14.5,29.1,.228
364,Yale,24,20,4,.833,6.90,-2.29,,8,2,,8,2,,8,2,,2000,1716,,66.6,106.2,.272,.453,.542,46.3,51.8,7.7,10.0,.515,14.4,28.0,.195
365,Youngstown State,27,13,14,.481,-3.47,-4.56,,6,10,,8,5,,4,8,,2144,1967,,69.2,104.8,.349,.316,.544,48.2,46.6,10.3,10.0,.504,16.0,30.5,.260