,,Overall,Overall,Overall,Overall,Overall,Overall,,Conf.,Conf.,,Home,Home,,Away,Away,,Points,Points,,School Advanced,School Advanced,School Advanced,School Advanced,School Advanced,School Advanced,School Advanced,School Advanced,School Advanced,School Advanced,School Advanced,School Advanced,School Advanced
Rk,School,G,W,L,W-L%,SRS,SOS,,W,L,,W,L,,W,L,,Tm.,Opp.,,Pace,ORtg,FTr,3PAr,TS%,TRB%,AST%,STL%,BLK%,eFG%,TOV%,ORB%,FT/FGA
1,Abilene Christian,26,12,14,.462,-5.96,-0.53,,4,9,,8,4,,3,9,,1823,1838,,68.8,101.5,.371,.327,.524,51.5,55.3,14.1,8.9,.487,17.8,34.9,.259
2,Air Force,25,3,22,.120,-13.09,4.47,,0,14,,3,12,,0,9,,1536,1975,,67.2,91.4,.355,.428,.521,45.3,57.4,8.4,7.4,.494,20.5,21.9,.230
3,Akron,25,20,5,.800,9.34,-2.18,,11,1,,13,0,,5,3,,2247,1873,,72.5,124.0,.276,.452,.615,52.8,58.9,10.5,9.2,.588,13.0,34.2,.213
4,Alabama,25,18,7,.720,23.03,13.95,,8,4,,9,3,,5,2,,2294,2067,,75.5,121.5,.370,.542,.590,50.5,55.3,8.7,12.7,.553,11.3,31.2,.281
5,Alabama A&M,26,15,11,.577,-12.87,-9.83,,8,5,,11,3,,3,7,,1849,1859,,68.1,104.4,.448,.348,.539,50.1,47.9,8.9,8.7,.488,15.1,27.9,.333
6,Alabama State,26,9,17,.346,-12.47,-6.71,,6,7,,5,2,,3,13,,1926,2014,,72.4,102.4,.357,.378,.519,50.5,49.0,12.0,10.7,.481,16.2,34.2,.251
7,Albany (NY),26,9,17,.346,-14.35,-6.65,,5,6,,5,4,,3,10,,1885,1922,,67.5,107.3,.259,.373,.543,50.9,51.0,10.8,11.0,.525,15.4,33.0,.170
8,Alcorn State,25,6,19,.240,-19.65,-4.13,,5,8,,3,3,,2,16,,1672,2060,,69.3,96.5,.276,.343,.517,44.2,47.5,11.1,9.4,.488,17.8,27.5,.192
9,American,27,14,13,.519,-7.05,-5.33,,7,7,,11,4,,3,9,,2026,1944,,68.3,109.9,.289,.459,.560,48.5,51.8,11.5,4.9,.528,14.4,28.2,.218
10,Appalachian State,28,18,10,.643,-3.00,-5.27,,10,5,,10,3,,7,7,,1993,1800,,64.4,110.1,.359,.458,.531,53.4,49.3,7.6,11.4,.510,12.7,33.8,.225
11,Arizona,25,23,2,.920,29.74,10.10,,10,2,,13,1,,6,1,,2206,1715,,72.8,120.6,.425,.264,.590,58.4,56.3,11.4,11.3,.554,13.2,39.2,.311
12,Arizona State,25,13,12,.520,10.75,11.19,,4,8,,7,5,,2,6,,1968,1979,,71.2,110.6,.407,.386,.559,48.0,52.9,10.1,12.8,.515,13.9,30.5,.305
13,Arkansas,25,19,6,.760,23.43,11.15,,9,3,,14,1,,4,3,,2219,1912,,72.4,122.7,.364,.352,.600,51.2,54.3,10.2,13.9,.570,11.0,32.3,.268
14,Arkansas State,27,16,11,.593,-0.33,-2.81,,7,7,,9,4,,7,7,,2227,2093,,72.2,112.7,.366,.453,.562,55.2,56.9,10.8,6.7,.524,16.2,38.1,.271
15,Arkansas-Pine Bluff,26,11,15,.423,-14.26,-3.96,,8,5,,6,2,,5,13,,2013,2145,,73.1,105.4,.354,.374,.553,48.1,58.3,9.5,8.2,.512,16.6,29.5,.268
16,Army,27,10,17,.370,-15.04,-6.32,,4,10,,6,8,,4,8,,1954,2090,,67.3,105.1,.261,.525,.527,50.6,59.3,8.3,4.6,.500,14.7,31.3,.184
17,Auburn,25,14,11,.560,18.60,13.68,,5,7,,9,3,,2,5,,2099,1976,,69.6,119.5,.458,.387,.570,53.0,46.8,10.8,11.9,.524,12.0,38.4,.340
18,Austin Peay,25,19,6,.760,0.15,-5.98,,13,1,,12,0,,7,6,,2051,1778,,71.1,115.5,.366,.400,.580,50.4,57.5,13.9,7.8,.543,13.3,30.1,.275
19,Ball State,25,8,17,.320,-11.85,-3.81,,3,9,,5,6,,2,10,,1659,1751,,66.2,100.2,.336,.394,.509,46.9,52.4,11.7,8.4,.473,14.2,26.8,.235
20,Baylor,25,13,12,.520,16.33,11.41,,3,9,,9,5,,2,5,,2084,1903,,70.6,118.1,.369,.390,.581,53.6,53.9,9.2,11.4,.548,14.0,37.7,.269
21,Bellarmine,26,11,15,.423,-8.96,-3.80,,6,8,,8,3,,2,12,,2063,2109,,66.5,118.2,.341,.410,.627,46.2,54.4,9.2,5.8,.594,14.2,22.3,.269
22,Belmont,28,24,4,.857,9.55,-0.34,,14,3,,11,2,,11,2,,2346,2032,,70.4,118.0,.332,.450,.622,52.3,61.0,8.8,11.3,.607,16.2,29.6,.227
23,Bethune-Cookman,26,13,13,.500,-9.13,-4.69,,10,3,,8,1,,5,10,,1943,2013,,71.2,103.5,.403,.309,.543,50.0,51.6,9.9,11.6,.508,16.6,30.2,.277
24,Binghamton,27,5,22,.185,-21.54,-9.67,,1,11,,5,8,,0,13,,1808,2032,,65.3,100.2,.433,.322,.543,48.3,50.2,8.0,8.8,.492,16.9,22.4,.324
25,Boise State,25,15,10,.600,12.87,8.78,,7,7,,9,4,,4,4,,1983,1864,,67.9,113.5,.430,.424,.576,54.7,53.6,7.1,6.2,.527,14.5,32.1,.334
26,Boston College,25,9,16,.360,3.62,5.50,,2,10,,8,7,,1,6,,1686,1733,,66.2,99.8,.329,.419,.501,49.5,46.8,7.0,12.1,.471,13.5,28.1,.215
27,Boston University,28,13,15,.464,-7.98,-8.02,,8,7,,8,5,,4,10,,2145,2097,,64.2,115.7,.330,.449,.604,52.0,56.1,7.3,9.9,.579,15.5,28.8,.237
28,Bowling Green,26,16,10,.615,1.54,-3.72,,7,6,,9,5,,5,5,,2141,1825,,72.2,113.5,.368,.338,.577,52.2,50.0,14.7,11.3,.542,14.2,29.9,.272
29,Bradley,27,18,9,.667,3.85,0.23,,11,5,,12,2,,4,5,,2082,1955,,68.4,110.2,.361,.415,.547,48.5,49.1,11.6,9.4,.508,11.9,27.3,.265
30,Brigham Young,25,19,6,.760,22.40,10.44,,7,5,,10,2,,3,3,,2162,1863,,71.2,120.9,.360,.403,.590,53.8,48.5,10.8,12.7,.557,12.8,34.8,.267
31,Brown,23,8,15,.348,-8.88,-4.36,,2,8,,5,7,,3,8,,1617,1573,,67.0,102.8,.269,.376,.523,51.1,59.1,11.4,12.5,.497,15.4,30.4,.185
32,Bryant,26,8,18,.308,-17.73,-6.64,,4,8,,7,4,,1,14,,1676,1880,,65.6,97.8,.300,.480,.513,48.8,55.7,9.0,11.9,.474,17.5,29.0,.223
33,Bucknell,27,8,19,.296,-14.24,-4.42,,5,9,,5,6,,3,10,,1815,2080,,67.0,99.0,.312,.438,.523,46.4,56.3,10.5,6.8,.480,16.7,26.1,.241
34,Buffalo,25,15,10,.600,-2.51,-4.69,,5,7,,6,6,,7,4,,1966,1871,,67.2,116.4,.406,.456,.599,49.6,56.5,11.1,8.0,.564,14.2,28.8,.301
35,Butler,26,13,13,.500,11.32,8.40,,4,11,,9,6,,1,7,,2073,1997,,69.8,112.0,.422,.363,.549,52.4,57.9,9.7,8.1,.511,13.6,35.4,.297
36,Cal Poly,27,11,16,.407,-5.01,0.39,,7,8,,6,6,,5,9,,2196,2303,,75.9,106.6,.366,.530,.567,50.3,50.3,8.8,6.2,.524,18.2,30.8,.284
37,Cal State Bakersfield,26,8,18,.308,-11.51,-0.68,,2,12,,6,8,,2,10,,1875,2082,,72.2,99.9,.416,.283,.512,48.3,43.9,10.7,14.1,.460,16.5,32.4,.305
38,Cal State Fullerton,27,13,14,.481,-2.56,0.68,,8,7,,8,3,,4,10,,2246,2223,,76.7,108.4,.389,.411,.555,47.9,55.6,11.0,8.4,.520,13.5,26.1,.276
39,Cal State Northridge,26,16,10,.615,-0.64,-0.72,,9,5,,12,1,,4,7,,2132,2054,,75.6,108.4,.350,.344,.543,53.9,58.7,9.4,8.8,.518,15.1,33.6,.230
40,California,26,18,8,.692,12.20,6.84,,6,7,,14,3,,3,5,,2053,1897,,69.1,113.1,.388,.423,.576,48.6,53.7,8.5,9.1,.530,13.1,26.2,.304
41,California Baptist,26,19,7,.731,1.55,-2.68,,9,4,,12,0,,6,6,,1896,1786,,67.4,106.7,.375,.320,.520,55.8,41.1,7.8,8.0,.478,14.9,38.7,.269
42,Campbell,26,12,14,.462,-3.64,0.74,,6,7,,8,3,,3,11,,2077,2042,,71.5,111.7,.423,.373,.557,52.2,46.0,9.9,4.5,.516,15.0,35.6,.305
43,Canisius,27,8,19,.296,-17.33,-7.33,,3,13,,6,7,,2,12,,1702,1921,,64.6,97.2,.308,.401,.502,49.2,55.4,7.7,8.1,.467,16.7,30.0,.216
44,Central Arkansas,27,17,10,.630,-1.21,-4.01,,12,2,,13,1,,4,9,,2161,1989,,70.3,112.3,.295,.494,.561,51.2,58.3,12.4,6.4,.537,13.4,29.6,.205
45,Central Connecticut State,25,15,10,.600,-9.92,-9.14,,9,5,,7,3,,8,7,,1877,1768,,66.1,113.0,.308,.350,.577,51.1,51.6,8.8,11.4,.543,14.0,28.9,.238
46,Central Michigan,25,8,17,.320,-8.60,-2.12,,4,8,,7,4,,0,12,,1849,1933,,69.6,106.2,.311,.337,.551,48.1,56.4,9.1,12.2,.523,15.7,29.6,.219
47,Charleston Southern,27,12,15,.444,-6.79,-6.25,,3,9,,8,3,,4,11,,2240,2145,,74.1,109.9,.293,.527,.563,52.3,57.8,6.3,11.1,.547,16.1,31.6,.190
48,Charlotte,25,13,12,.520,-0.75,-0.05,,7,5,,9,5,,4,5,,1839,1852,,64.3,112.1,.384,.439,.569,52.2,50.7,7.1,10.6,.537,15.9,35.4,.272
49,Chattanooga,27,10,17,.370,-11.30,-5.55,,4,10,,6,7,,4,9,,2016,1994,,68.1,109.7,.287,.511,.567,47.5,58.5,8.3,7.9,.535,13.0,23.7,.219
50,Chicago State,27,6,21,.222,-16.44,-3.75,,4,10,,4,5,,2,16,,1784,2091,,66.6,98.7,.306,.309,.494,46.6,47.0,12.3,4.7,.452,14.0,29.8,.228
51,Cincinnati,26,14,12,.538,13.93,8.63,,6,7,,13,3,,1,6,,1879,1741,,69.7,103.6,.307,.435,.525,51.6,64.1,9.3,12.7,.498,15.0,30.4,.207
52,Clemson,26,20,6,.769,17.61,7.49,,10,3,,11,2,,6,3,,1945,1682,,65.6,112.9,.372,.424,.568,52.6,50.1,9.5,8.1,.534,13.1,28.9,.269
53,Cleveland State,27,10,17,.370,-11.91,-2.75,,6,10,,6,6,,3,10,,2169,2291,,71.3,112.7,.388,.493,.587,48.0,59.9,7.6,8.4,.549,16.1,30.9,.293
54,Coastal Carolina,27,16,11,.593,-6.92,-5.46,,8,6,,7,4,,8,7,,1985,1946,,69.0,103.6,.305,.428,.525,51.2,42.7,6.3,8.1,.490,13.7,27.3,.222
55,Colgate,28,16,12,.571,-4.95,-4.53,,10,5,,7,4,,6,8,,2124,2056,,67.0,111.2,.283,.343,.569,50.0,51.1,9.2,9.0,.542,13.5,27.9,.207
56,College of Charleston,27,17,10,.630,-0.97,-2.04,,10,4,,10,4,,5,4,,2045,1996,,69.2,108.4,.414,.383,.546,50.4,49.6,7.8,12.5,.500,13.9,30.2,.307
57,Colorado,26,14,12,.538,10.91,9.41,,4,9,,11,4,,1,7,,2081,2042,,69.6,113.8,.359,.345,.568,50.1,54.8,9.0,8.7,.530,12.4,29.9,.269
58,Colorado State,25,15,10,.600,8.19,4.40,,6,8,,10,4,,3,5,,1899,1758,,64.1,118.6,.389,.487,.622,53.2,61.4,8.3,7.0,.587,16.2,31.0,.300
59,Columbia,24,15,9,.625,-2.49,-4.08,,4,6,,8,3,,7,6,,1878,1740,,67.9,114.1,.302,.374,.575,56.5,56.3,8.0,8.7,.553,16.3,37.8,.208
60,Connecticut,26,24,2,.923,23.90,9.78,,14,1,,13,1,,8,1,,2061,1694,,66.6,117.9,.312,.398,.586,53.8,64.2,10.6,15.3,.563,14.0,35.2,.219
61,Coppin State,27,6,21,.222,-25.79,-7.40,,4,6,,2,5,,4,13,,1756,2193,,69.7,93.3,.364,.355,.498,47.3,52.6,9.4,9.6,.462,19.3,30.7,.244
62,Cornell,23,12,11,.522,-1.52,-2.99,,5,5,,5,3,,7,8,,2078,1935,,73.2,122.0,.299,.519,.625,51.6,68.6,8.5,7.4,.603,14.4,31.4,.221
63,Creighton,26,13,13,.500,10.71,9.82,,7,8,,10,4,,2,7,,1977,1954,,68.1,111.2,.268,.490,.570,49.5,58.4,8.4,6.2,.542,14.6,28.8,.199
64,Dartmouth,23,10,13,.435,-6.46,-2.51,,4,6,,5,7,,5,6,,1761,1735,,69.7,109.2,.356,.490,.574,50.6,56.0,6.6,10.0,.540,16.0,27.2,.261
65,Davidson,25,15,10,.600,5.40,3.83,,6,6,,9,6,,5,3,,1848,1717,,65.0,112.7,.317,.437,.571,49.5,53.0,10.9,12.3,.550,14.0,29.9,.216
66,Dayton,25,16,9,.640,6.96,2.52,,7,5,,12,2,,3,5,,1896,1785,,69.2,108.0,.474,.408,.566,48.8,57.6,12.9,12.8,.514,15.5,27.6,.359
67,Delaware,25,9,16,.360,-7.17,-2.38,,5,9,,4,8,,4,7,,1672,1796,,64.2,102.6,.284,.451,.562,47.9,53.2,8.2,9.1,.528,16.9,21.9,.218
68,Delaware State,25,6,19,.240,-22.53,-8.86,,1,9,,5,5,,1,13,,1524,1783,,67.3,90.1,.324,.288,.476,46.7,49.2,12.0,5.3,.438,17.1,26.4,.223
69,Denver,28,13,15,.464,-4.88,-1.20,,6,7,,7,5,,6,10,,2331,2315,,69.7,119.5,.331,.383,.591,50.3,39.1,6.5,5.2,.556,12.5,31.5,.256
70,DePaul,25,13,12,.520,6.90,5.42,,5,9,,11,4,,1,7,,1793,1756,,68.0,105.4,.366,.394,.542,49.5,61.8,10.0,9.6,.509,15.5,30.0,.255
71,Detroit Mercy,25,12,13,.480,-7.31,-2.92,,9,7,,6,5,,6,8,,1932,1964,,70.7,109.3,.336,.317,.536,52.5,47.9,8.3,9.4,.494,14.0,35.0,.255
72,Drake,28,12,16,.429,-0.90,1.02,,6,11,,6,9,,4,6,,2149,2115,,68.5,111.1,.345,.449,.558,49.5,51.4,8.1,8.9,.526,12.7,26.9,.249
73,Drexel,27,13,14,.481,-5.24,-4.63,,7,7,,10,4,,3,8,,1852,1834,,66.0,103.9,.291,.403,.532,50.8,55.1,9.4,10.1,.510,16.3,32.1,.190
74,Duke,26,24,2,.923,30.60,10.79,,13,1,,13,0,,8,1,,2157,1642,,67.8,122.3,.380,.438,.604,57.1,58.3,12.1,10.7,.578,13.6,36.8,.271
75,Duquesne,25,15,10,.600,4.87,1.48,,7,5,,10,5,,5,4,,2060,1911,,71.2,113.5,.383,.442,.583,51.1,57.5,10.9,8.0,.553,15.3,30.5,.274
76,East Carolina,25,9,16,.360,-6.29,0.09,,4,8,,6,8,,3,6,,1757,1909,,69.1,101.2,.393,.314,.504,49.9,47.6,9.2,11.5,.458,14.6,33.0,.279
77,East Tennessee State,27,19,8,.704,0.98,-7.35,,11,3,,13,3,,6,5,,2115,1839,,67.3,115.3,.340,.379,.584,52.0,52.7,13.4,12.2,.548,13.1,29.8,.260
78,East Texas A&M,28,11,17,.393,-10.14,-0.98,,6,12,,6,6,,4,11,,1979,2087,,70.4,100.3,.313,.462,.533,47.5,65.0,10.3,8.7,.506,16.8,26.1,.213
79,Eastern Illinois,27,11,16,.407,-13.18,-4.68,,7,9,,9,4,,2,12,,1815,1897,,67.2,99.1,.332,.311,.518,48.2,51.6,11.2,9.0,.478,16.4,29.1,.243
80,Eastern Kentucky,27,9,18,.333,-8.98,-3.54,,5,9,,7,5,,2,13,,2160,2179,,70.2,112.4,.305,.506,.551,50.4,51.7,10.2,8.9,.520,14.1,34.1,.220
81,Eastern Michigan,26,9,17,.346,-5.08,-1.24,,3,10,,6,5,,3,12,,1850,1908,,68.3,103.2,.291,.325,.532,49.9,48.6,8.8,10.6,.501,15.0,29.0,.210
82,Eastern Washington,26,9,17,.346,-3.15,0.74,,7,6,,6,3,,3,13,,2004,2083,,69.3,110.2,.338,.349,.566,49.3,47.5,8.6,8.5,.529,15.6,31.2,.256
83,Elon,27,14,13,.519,-3.01,-2.73,,6,8,,8,6,,6,7,,2186,2111,,68.5,116.0,.341,.429,.568,50.7,54.4,9.9,9.0,.538,12.9,34.0,.243
84,Evansville,26,6,20,.231,-7.74,3.42,,2,13,,4,8,,1,10,,1752,1949,,67.7,98.6,.311,.423,.531,47.3,55.4,8.2,10.3,.498,17.2,24.4,.223
85,Fairfield,27,16,11,.593,-8.32,-8.71,,8,8,,10,3,,6,8,,2040,1967,,67.7,111.1,.278,.368,.526,52.7,44.3,9.7,9.7,.495,12.2,36.2,.200
86,FDU,27,10,17,.370,-13.63,-6.42,,7,7,,8,5,,2,12,,1833,1882,,65.0,103.9,.323,.465,.517,52.2,50.9,7.9,5.2,.482,15.1,33.5,.229
87,Florida,25,19,6,.760,27.36,12.32,,10,2,,11,1,,5,2,,2162,1786,,72.7,118.9,.393,.390,.561,59.4,53.2,9.3,12.7,.527,13.2,42.6,.276
88,Florida A&M,24,10,14,.417,-16.25,-7.75,,7,6,,6,3,,3,11,,1677,1846,,70.7,98.4,.384,.384,.530,48.4,52.8,11.3,8.5,.497,19.1,29.6,.260
89,Florida Atlantic,26,14,12,.538,5.44,2.82,,6,7,,9,4,,3,6,,2107,1958,,71.4,112.4,.324,.403,.560,53.4,47.2,8.5,15.3,.530,14.7,34.3,.233
90,Florida Gulf Coast,27,12,15,.444,-5.95,-3.79,,6,8,,9,6,,3,9,,2128,2105,,70.1,111.4,.298,.399,.554,51.9,53.1,10.9,11.5,.525,14.0,33.2,.214
91,Florida International,25,12,13,.480,-1.58,-0.13,,5,9,,10,5,,2,8,,2039,1944,,73.6,109.7,.395,.345,.549,50.7,53.5,13.1,13.4,.517,14.7,34.9,.268
92,Florida State,25,12,13,.480,9.86,7.90,,5,7,,9,5,,3,5,,2009,1960,,73.3,109.7,.339,.508,.540,48.6,53.6,11.0,11.2,.505,13.2,31.5,.243
93,Fordham,26,14,12,.538,0.25,-1.58,,5,8,,8,7,,4,4,,1840,1693,,65.8,107.1,.234,.381,.523,55.7,54.1,10.9,7.2,.500,14.5,36.3,.163
94,Fresno State,25,12,13,.480,4.64,4.19,,6,8,,9,6,,2,7,,1843,1795,,70.4,104.8,.371,.419,.551,50.2,52.4,10.2,6.2,.510,16.6,28.9,.277
95,Furman,27,17,10,.630,-2.96,-5.54,,8,6,,10,4,,6,4,,2073,1898,,67.2,112.6,.304,.485,.574,54.1,59.3,7.4,9.6,.554,15.7,33.0,.205
96,Gardner-Webb,27,3,24,.111,-23.88,-0.67,,1,11,,3,9,,0,13,,1856,2370,,71.6,96.1,.319,.388,.520,43.7,42.5,8.6,6.6,.490,17.6,24.0,.218
97,George Mason,26,21,5,.808,6.58,-0.02,,9,4,,15,1,,4,4,,1938,1749,,65.6,113.5,.463,.341,.577,53.2,51.5,7.9,9.4,.536,14.4,31.6,.336
98,George Washington,26,15,11,.577,10.11,1.83,,6,7,,11,3,,2,5,,2163,1899,,70.8,117.4,.349,.464,.585,54.3,55.2,10.8,10.0,.553,15.1,36.4,.257
99,Georgetown,25,13,12,.520,8.68,6.60,,5,9,,9,5,,4,5,,1882,1830,,67.2,110.3,.398,.353,.541,50.9,57.0,10.0,10.9,.496,12.7,32.4,.295
100,Georgia,25,17,8,.680,18.79,6.83,,5,7,,11,4,,4,3,,2258,1959,,74.5,118.9,.378,.431,.573,50.7,46.7,11.3,15.6,.535,12.3,36.2,.283
101,Georgia Southern,27,15,12,.556,-7.57,-6.45,,7,7,,9,5,,6,5,,2190,2157,,72.2,110.9,.405,.471,.551,46.9,42.3,11.2,10.8,.510,12.7,29.2,.294
102,Georgia State,27,9,18,.333,-10.64,-3.64,,6,8,,6,4,,3,12,,1903,2006,,69.3,101.2,.363,.455,.508,47.7,53.4,9.8,8.4,.454,13.8,28.7,.284
103,Georgia Tech,26,11,15,.423,2.98,4.78,,2,11,,10,6,,1,7,,1937,1984,,71.6,103.6,.334,.319,.536,51.1,60.0,8.5,11.8,.506,15.9,30.4,.231
104,Gonzaga,27,25,2,.926,26.24,5.83,,13,1,,13,0,,7,1,,2366,1815,,71.8,121.4,.317,.297,.588,56.8,55.5,12.3,10.8,.566,11.8,36.1,.221
105,Grambling,25,11,14,.440,-10.82,-7.60,,5,7,,6,3,,3,11,,1765,1763,,69.6,101.5,.431,.387,.544,50.2,50.3,11.6,8.1,.498,18.4,30.9,.316
106,Grand Canyon,25,16,9,.640,10.59,4.07,,9,5,,11,3,,4,4,,1882,1719,,69.0,108.6,.388,.388,.552,53.5,48.8,9.9,10.4,.507,15.2,32.6,.293
107,Green Bay,28,15,13,.536,-5.31,-2.54,,10,7,,8,4,,5,8,,2101,2113,,65.3,113.9,.431,.382,.593,50.3,54.0,6.9,8.9,.553,14.6,26.5,.324
108,Hampton,26,12,14,.462,-7.31,-4.73,,6,7,,9,1,,2,9,,1822,1788,,66.3,104.7,.381,.369,.516,52.0,50.6,9.9,9.8,.474,14.5,34.5,.271
109,Harvard,24,14,10,.583,-1.90,-3.77,,7,3,,7,4,,7,5,,1699,1627,,63.9,109.6,.278,.384,.575,49.6,53.8,11.4,10.8,.540,15.0,26.3,.223
110,Hawaii,24,18,6,.750,6.40,-3.74,,10,4,,14,1,,4,5,,1914,1627,,71.9,110.3,.430,.403,.569,54.8,53.2,9.2,9.1,.528,16.4,33.4,.316
111,High Point,28,24,4,.857,7.20,-7.96,,12,1,,15,1,,6,2,,2570,1975,,72.0,126.3,.438,.415,.611,52.1,54.1,15.9,11.3,.575,11.0,33.7,.326
112,Hofstra,27,17,10,.630,2.73,-1.76,,8,6,,7,2,,8,8,,2046,1831,,66.4,113.5,.311,.431,.555,53.7,50.7,7.4,11.0,.521,13.7,35.5,.232
113,Holy Cross,27,9,18,.333,-13.00,-5.32,,4,10,,6,6,,2,12,,1823,1969,,66.0,102.3,.312,.381,.530,47.8,43.8,8.9,4.7,.493,13.9,23.4,.229
114,Houston,26,23,3,.885,25.88,9.65,,11,2,,13,0,,5,2,,2024,1602,,64.7,119.8,.262,.419,.555,52.6,54.3,12.4,13.3,.524,10.5,36.8,.201
115,Houston Christian,27,10,17,.370,-9.28,-3.08,,6,12,,8,4,,2,12,,1834,1967,,65.1,103.8,.374,.368,.537,49.2,60.4,10.1,11.0,.501,16.5,31.3,.263
116,Howard,27,17,10,.630,-5.64,-9.94,,7,3,,9,4,,5,6,,2050,1840,,69.9,108.1,.437,.336,.552,53.1,61.5,12.5,10.1,.507,16.5,36.3,.319
117,Idaho,26,14,12,.538,-0.77,-1.77,,6,7,,8,3,,5,8,,2066,1915,,69.9,113.1,.339,.483,.573,52.2,47.9,8.6,5.8,.539,13.5,29.1,.253
118,Idaho State,27,10,17,.370,-5.07,-0.48,,3,11,,6,5,,3,11,,2006,2052,,66.3,111.6,.389,.422,.565,52.6,47.6,8.0,11.5,.524,14.5,34.5,.290
119,Illinois,26,21,5,.808,27.17,11.17,,12,3,,13,2,,6,1,,2189,1773,,66.1,126.1,.332,.511,.593,57.2,50.9,5.4,12.9,.556,11.4,38.9,.260
120,Illinois State,27,17,10,.630,6.96,0.08,,9,7,,11,2,,4,6,,2062,1838,,68.2,111.5,.314,.420,.567,52.7,50.5,8.5,6.6,.542,14.2,29.2,.219
121,Illinois-Chicago,27,15,12,.556,3.08,0.56,,10,6,,8,4,,6,7,,2027,1883,,67.7,109.9,.370,.326,.540,52.4,54.3,12.3,12.6,.499,14.8,37.4,.272
122,Incarnate Word,27,10,17,.370,-7.24,-1.58,,5,13,,8,5,,1,11,,2031,2022,,67.2,111.9,.332,.387,.550,51.7,44.6,8.0,7.6,.518,14.3,34.9,.237
123,Indiana,26,17,9,.654,18.53,9.53,,8,7,,13,2,,3,6,,2089,1855,,67.6,117.2,.358,.512,.599,50.6,64.2,7.2,7.5,.559,13.1,28.1,.282
124,Indiana State,27,10,17,.370,-2.87,-0.15,,3,13,,7,6,,3,10,,2028,2023,,69.2,106.1,.301,.446,.560,49.1,65.0,8.7,7.0,.538,16.6,27.2,.204
125,Iona,27,15,12,.556,-7.13,-7.20,,7,9,,9,3,,5,7,,1976,1974,,68.5,105.8,.287,.455,.546,47.5,53.9,10.2,8.0,.518,14.5,26.5,.203
126,Iowa,25,18,7,.720,19.22,7.14,,8,6,,12,2,,3,5,,1924,1622,,63.8,120.7,.366,.404,.609,51.0,57.7,11.5,7.1,.575,13.1,31.1,.279
127,Iowa State,26,23,3,.885,27.31,8.27,,10,3,,15,0,,4,3,,2175,1680,,68.4,122.2,.353,.379,.598,54.6,59.7,12.9,9.2,.581,13.1,36.8,.235
128,IU Indy,28,7,21,.250,-11.99,-3.88,,3,14,,5,7,,2,13,,2352,2466,,76.4,109.5,.213,.433,.548,45.9,64.0,12.0,8.9,.526,13.5,29.9,.156
129,Jackson State,26,9,17,.346,-18.29,-2.98,,8,5,,5,3,,4,12,,1826,2224,,71.6,97.6,.344,.433,.514,45.0,47.8,8.3,8.4,.465,17.0,27.4,.264
130,Jacksonville,27,10,17,.370,-11.82,-4.26,,5,9,,7,3,,2,13,,1941,1970,,66.2,107.6,.330,.400,.545,51.8,46.1,10.3,8.5,.514,15.2,32.6,.234
131,Jacksonville State,25,13,12,.520,-3.22,-2.67,,8,6,,9,6,,4,5,,1816,1672,,67.0,108.4,.437,.403,.546,52.6,49.9,9.1,10.0,.510,15.0,32.4,.299
132,James Madison,27,14,13,.519,-5.34,-4.11,,6,8,,10,3,,3,10,,1996,2014,,66.7,109.8,.352,.450,.554,50.7,51.6,7.9,12.6,.524,14.9,31.0,.246
133,Kansas,25,19,6,.760,23.26,14.14,,9,3,,12,1,,4,4,,1928,1700,,67.8,112.6,.337,.360,.572,52.0,53.7,7.9,16.9,.535,13.5,28.7,.257
134,Kansas City,26,4,22,.154,-17.70,-0.92,,1,11,,3,9,,1,13,,1829,2169,,71.8,97.5,.305,.355,.507,46.7,47.0,8.7,7.9,.474,16.4,29.4,.213
135,Kansas State,25,10,15,.400,9.02,9.50,,1,11,,8,7,,1,7,,2005,2017,,73.5,109.1,.260,.426,.558,48.8,60.7,9.4,9.7,.534,15.1,31.2,.184
136,Kennesaw State,25,14,11,.560,-0.76,-1.94,,6,8,,10,3,,3,6,,2128,1920,,73.4,114.8,.420,.444,.556,54.1,51.5,9.4,14.2,.522,13.6,37.7,.290
137,Kent State,26,19,7,.731,0.01,-1.99,,10,3,,12,2,,5,5,,2235,2080,,73.3,114.5,.423,.441,.577,54.3,57.9,8.9,10.2,.535,15.7,36.2,.314
138,Kentucky,25,17,8,.680,20.69,11.21,,8,4,,13,2,,3,4,,2041,1804,,69.4,117.6,.382,.392,.572,52.6,57.0,10.5,13.5,.538,12.6,33.9,.276
139,La Salle,25,7,18,.280,-3.97,4.40,,3,9,,5,5,,1,10,,1644,1816,,66.0,99.6,.356,.306,.500,50.6,58.0,10.2,7.5,.458,15.7,33.3,.254
140,Lafayette,27,8,19,.296,-13.05,-5.93,,5,9,,5,8,,3,11,,1845,1995,,67.3,101.0,.319,.409,.512,47.8,55.1,8.7,6.3,.481,13.8,26.8,.218
141,Lamar,27,12,15,.444,-3.37,-2.61,,7,11,,7,6,,5,8,,1931,1866,,66.3,107.3,.284,.340,.527,53.5,56.5,9.7,13.4,.497,14.7,36.0,.203
142,Le Moyne,27,14,13,.519,-9.97,-8.47,,9,5,,8,3,,5,9,,1985,1980,,69.6,105.7,.395,.404,.568,49.6,57.4,8.6,9.5,.534,17.2,26.1,.281
143,Lehigh,27,12,15,.444,-10.25,-6.57,,8,6,,8,4,,3,10,,1985,2029,,67.6,104.4,.317,.402,.560,46.0,53.8,10.0,8.1,.530,15.9,22.8,.228
144,Liberty,25,22,3,.880,5.33,-1.44,,14,0,,12,0,,9,1,,1973,1693,,65.0,120.8,.300,.477,.632,47.7,61.7,10.0,9.9,.617,12.0,20.1,.210
145,Lindenwood,27,16,11,.593,-7.76,-6.85,,10,6,,9,4,,6,7,,2133,1967,,74.2,106.5,.372,.310,.543,51.6,52.9,12.3,10.8,.512,15.9,33.8,.254
146,Lipscomb,27,16,11,.593,-2.77,-3.57,,9,5,,12,1,,4,10,,2190,2062,,72.0,112.2,.266,.471,.577,49.4,63.1,10.2,8.0,.548,14.2,27.7,.203
147,Little Rock,27,10,17,.370,-13.58,-7.26,,7,9,,5,4,,5,13,,1904,2019,,68.7,102.6,.277,.311,.526,48.4,53.4,12.1,12.0,.502,16.4,32.5,.187
148,Long Beach State,26,8,18,.308,-5.27,1.15,,4,10,,7,6,,1,12,,1928,2002,,70.6,104.0,.298,.343,.544,49.0,49.9,10.2,7.7,.512,15.5,27.3,.218
149,Long Island University,27,18,9,.667,-4.15,-6.19,,12,2,,9,1,,9,8,,1976,1921,,68.5,106.3,.324,.292,.544,51.7,50.2,11.5,13.8,.522,16.8,35.4,.213
150,Longwood,28,14,14,.500,-8.86,-7.78,,6,7,,10,4,,3,9,,2142,2043,,70.1,107.2,.397,.338,.557,53.5,48.3,12.2,7.9,.516,16.9,34.5,.292
151,Louisiana,27,9,18,.333,-11.63,-5.00,,6,8,,6,7,,3,11,,1699,1878,,63.5,99.2,.278,.425,.508,47.5,48.2,8.6,10.6,.477,15.4,28.2,.196
152,Louisiana State,25,14,11,.560,13.40,8.00,,2,10,,9,5,,2,5,,2018,1883,,68.8,116.2,.420,.354,.575,52.0,52.5,8.9,10.3,.530,13.3,33.5,.320
153,Louisiana Tech,25,14,11,.560,-5.02,-2.93,,7,7,,12,2,,2,9,,1729,1612,,65.2,104.5,.337,.325,.510,53.7,47.0,10.6,15.4,.483,15.3,36.9,.218
154,Louisiana-Monroe,27,4,23,.148,-18.76,-5.00,,1,13,,3,9,,1,13,,1949,2250,,71.4,100.2,.389,.410,.526,44.7,49.9,8.8,9.1,.482,15.8,25.3,.282
155,Louisville,25,19,6,.760,25.95,9.99,,8,4,,13,2,,3,4,,2172,1773,,71.7,121.1,.356,.530,.603,54.2,61.3,9.8,9.4,.567,13.8,33.6,.274
156,Loyola (IL),26,6,20,.231,-8.34,2.31,,2,11,,4,10,,1,6,,1748,2025,,66.3,101.4,.344,.475,.521,50.3,59.5,5.9,11.7,.492,16.8,32.1,.230
157,Loyola (MD),27,11,16,.407,-12.69,-8.45,,7,7,,8,4,,2,11,,2028,2048,,68.7,107.8,.309,.472,.544,50.5,51.4,9.1,10.1,.517,14.4,29.8,.215
158,Loyola Marymount,28,13,15,.464,1.64,2.27,,4,11,,9,7,,3,7,,2104,2038,,69.3,107.0,.312,.411,.557,48.8,49.3,8.7,10.9,.530,15.4,27.4,.217
159,Maine,27,6,21,.222,-16.53,-8.03,,4,8,,4,7,,2,12,,1689,1872,,65.6,95.3,.370,.375,.528,43.0,55.0,11.8,9.5,.501,17.7,20.7,.239
160,Manhattan,28,12,16,.429,-14.62,-7.81,,8,9,,7,5,,3,11,,2109,2227,,68.5,108.6,.343,.373,.542,46.7,51.0,11.2,6.3,.494,13.1,29.5,.272
161,Marist,26,16,10,.615,-2.73,-8.29,,10,7,,10,3,,6,7,,1821,1650,,66.5,104.8,.262,.351,.540,51.5,59.0,10.4,8.3,.503,14.8,28.7,.208
162,Marquette,26,9,17,.346,7.34,9.07,,4,11,,9,5,,0,10,,1975,2020,,70.4,106.3,.329,.416,.532,47.5,58.5,12.9,8.5,.503,13.7,30.5,.223
163,Marshall,27,17,10,.630,-1.29,-3.75,,9,5,,12,3,,5,7,,2170,2056,,70.6,113.9,.290,.455,.573,51.0,59.9,8.9,14.2,.547,14.6,33.2,.211
164,Maryland,25,10,15,.400,3.48,10.28,,3,11,,6,6,,2,7,,1785,1955,,67.9,104.7,.397,.459,.525,50.1,43.7,7.5,8.0,.481,15.5,33.3,.285
165,Maryland-Baltimore County,24,16,8,.667,-7.57,-11.21,,9,2,,9,2,,7,6,,1804,1653,,67.4,110.3,.324,.393,.569,50.7,47.5,7.0,6.6,.536,13.1,24.2,.242
166,Maryland-Eastern Shore,27,8,19,.296,-16.59,-5.87,,4,6,,5,2,,2,17,,1721,1920,,65.0,96.7,.276,.334,.525,49.7,55.8,8.3,6.9,.496,20.2,31.2,.196
167,Massachusetts,26,15,11,.577,-1.24,-3.72,,6,7,,10,3,,2,6,,2106,1993,,71.8,110.7,.375,.354,.559,53.6,60.7,9.5,6.9,.532,15.4,33.9,.252
168,Massachusetts-Lowell,26,11,15,.423,-14.52,-6.95,,6,5,,7,3,,4,12,,1960,2010,,70.1,107.5,.385,.307,.546,53.5,44.9,7.7,8.1,.517,16.0,35.2,.257
169,McNeese State,27,22,5,.815,8.39,-1.49,,15,3,,12,0,,7,5,,2195,1804,,67.8,120.0,.375,.347,.573,51.5,50.5,15.3,16.3,.533,11.9,37.6,.285
170,Memphis,25,12,13,.480,7.28,6.28,,7,5,,10,3,,2,8,,1870,1845,,71.2,104.5,.343,.350,.529,50.5,51.7,12.9,12.9,.490,16.7,35.8,.249
171,Mercer,27,17,10,.630,-1.56,-4.52,,9,5,,12,0,,5,10,,2238,2005,,71.6,115.7,.359,.416,.560,51.8,49.8,11.6,10.0,.523,12.6,34.6,.265
172,Mercyhurst,27,13,14,.481,-9.83,-8.87,,8,6,,9,2,,4,12,,1838,1782,,64.5,104.7,.235,.324,.530,48.4,56.9,11.5,11.1,.506,13.2,27.4,.167
173,Merrimack,27,18,9,.667,-3.62,-5.32,,14,2,,9,0,,8,7,,1846,1800,,64.5,105.9,.396,.455,.545,42.6,54.7,12.6,13.0,.494,13.8,24.6,.307
174,Miami (FL),25,20,5,.800,17.68,4.20,,9,3,,13,2,,6,1,,2089,1752,,70.4,118.7,.390,.318,.584,56.4,54.7,11.2,9.7,.561,13.7,37.2,.262
175,Miami (OH),25,25,0,1.000,6.92,-5.81,,12,0,,14,0,,10,0,,2315,1857,,72.4,126.0,.387,.445,.653,52.5,53.1,10.4,9.6,.625,13.3,27.5,.297
176,Michigan,25,24,1,.960,34.81,12.53,,14,1,,12,1,,8,0,,2265,1708,,73.2,123.2,.399,.423,.617,56.7,61.1,8.4,16.4,.589,14.2,36.6,.292
177,Michigan State,25,20,5,.800,23.46,11.34,,10,4,,12,2,,4,3,,1970,1667,,67.1,116.3,.362,.368,.569,59.0,67.2,8.1,14.2,.530,14.6,39.1,.273
178,Middle Tennessee,25,12,13,.480,0.58,3.08,,6,8,,8,4,,3,7,,1886,1823,,67.4,109.3,.305,.464,.550,51.4,54.1,9.0,11.9,.525,14.3,31.2,.209
179,Milwaukee,28,11,17,.393,-6.90,-1.76,,7,10,,7,6,,3,11,,2143,2227,,69.7,109.7,.332,.373,.534,51.2,47.8,9.6,8.4,.502,12.6,33.7,.231
180,Minnesota,25,11,14,.440,9.63,7.59,,4,10,,10,4,,1,7,,1774,1723,,63.9,109.5,.402,.469,.563,49.6,72.2,10.5,8.5,.532,14.6,28.6,.278
181,Mississippi,25,11,14,.440,9.43,9.07,,3,9,,7,5,,2,6,,1851,1842,,67.5,109.1,.332,.375,.537,48.7,51.8,9.9,13.7,.499,12.2,29.6,.244
182,Mississippi State,25,12,13,.480,9.11,10.11,,4,8,,7,6,,4,3,,1934,1959,,71.1,107.3,.317,.391,.535,51.1,44.7,8.0,11.0,.508,13.8,30.9,.215
183,Mississippi Valley State,26,1,25,.038,-29.21,-5.61,,0,12,,1,8,,0,15,,1661,2215,,70.3,90.1,.329,.305,.493,44.6,52.6,10.5,8.5,.453,19.2,26.1,.233
184,Missouri,25,17,8,.680,11.91,6.19,,7,5,,13,2,,4,5,,2001,1858,,68.6,116.1,.426,.365,.581,53.5,52.0,9.8,11.3,.555,15.2,36.4,.287
185,Missouri State,25,13,12,.520,-3.01,-1.47,,7,7,,10,5,,3,7,,1878,1824,,67.3,109.4,.419,.410,.543,51.1,54.6,10.7,9.0,.510,14.4,34.2,.282
186,Monmouth,26,14,12,.538,-3.08,-3.40,,8,5,,8,4,,5,7,,1887,1851,,67.7,105.6,.338,.330,.529,49.8,55.0,11.5,13.5,.490,14.2,32.3,.247
187,Montana,26,14,12,.538,-0.42,0.30,,8,5,,9,6,,5,6,,2038,1906,,71.0,110.3,.369,.412,.607,51.7,57.5,8.2,6.5,.570,17.7,24.0,.286
188,Montana State,26,15,11,.577,1.61,0.01,,9,4,,9,2,,5,9,,2022,1839,,67.7,114.3,.307,.450,.577,50.5,41.7,10.3,7.3,.544,13.0,29.0,.233
189,Morehead State,27,15,12,.556,-10.95,-6.03,,11,5,,10,2,,4,10,,2057,2050,,68.0,111.0,.364,.307,.555,51.6,51.0,9.8,8.8,.517,15.1,37.0,.267
190,Morgan State,24,10,14,.417,-19.56,-8.79,,6,3,,6,5,,4,9,,1797,1887,,71.3,105.1,.410,.347,.533,49.2,51.8,7.5,9.5,.486,15.5,31.8,.301
191,Mount St. Mary's,27,12,15,.444,-11.70,-6.32,,8,8,,6,5,,6,10,,1838,1947,,68.1,99.4,.345,.443,.538,52.3,57.5,8.2,9.6,.510,19.8,31.4,.232
192,Murray State,28,19,9,.679,5.30,0.48,,11,6,,11,3,,5,4,,2361,2226,,72.5,116.3,.385,.450,.585,51.6,48.5,8.1,8.9,.546,14.4,33.7,.292
193,Navy,27,21,6,.778,-1.72,-9.40,,13,1,,12,1,,8,4,,2003,1731,,65.9,111.5,.398,.330,.571,54.6,61.6,11.3,9.4,.533,15.2,32.3,.292
194,NC State,26,18,8,.692,20.05,9.47,,9,4,,10,4,,6,2,,2209,1934,,70.4,119.6,.349,.443,.600,50.0,56.2,11.8,10.1,.566,12.0,27.7,.266
195,Nebraska,25,22,3,.880,22.96,9.56,,11,3,,13,2,,6,1,,1984,1649,,68.1,115.9,.262,.509,.589,50.4,65.2,10.5,9.1,.562,12.3,26.0,.200
196,Nevada,25,17,8,.680,11.77,6.77,,9,5,,12,2,,4,5,,1904,1779,,66.0,113.7,.444,.328,.550,51.6,57.1,9.9,12.4,.498,11.9,32.5,.336
197,Nevada-Las Vegas,25,13,12,.520,4.10,5.39,,8,6,,8,5,,5,4,,1980,1969,,71.3,110.0,.416,.355,.556,50.7,51.3,11.1,12.4,.521,14.9,33.0,.289
198,New Hampshire,24,8,16,.333,-14.51,-4.87,,4,7,,7,4,,1,12,,1681,1783,,68.3,100.4,.295,.420,.510,49.0,44.6,8.9,6.3,.480,14.3,27.2,.202
199,New Haven,26,11,15,.423,-13.88,-5.83,,6,7,,7,5,,4,10,,1670,1730,,64.2,100.0,.295,.396,.528,48.9,53.1,10.6,6.7,.501,16.0,25.3,.202
200,New Mexico,25,19,6,.760,14.75,5.08,,10,4,,12,2,,6,3,,2020,1738,,70.9,114.0,.362,.441,.575,51.1,53.8,11.1,9.7,.538,13.5,29.2,.271
201,New Mexico State,25,12,13,.480,0.04,-0.87,,5,10,,7,5,,3,6,,1896,1778,,68.2,110.7,.343,.390,.542,52.1,51.7,9.9,10.3,.504,13.3,33.8,.251
202,New Orleans,27,12,15,.444,-3.81,0.16,,10,8,,5,4,,7,11,,2030,2137,,70.1,106.3,.461,.341,.552,51.1,51.3,8.1,10.4,.501,17.6,34.8,.344
203,Niagara,26,7,19,.269,-16.36,-7.52,,4,12,,5,6,,2,12,,1647,1845,,63.0,100.6,.250,.402,.533,46.3,58.9,8.9,9.4,.506,16.2,25.0,.179
204,Nicholls State,27,11,16,.407,-7.07,-1.57,,10,8,,5,5,,6,11,,1995,2070,,69.6,106.2,.357,.441,.541,45.3,51.9,13.4,7.8,.515,14.4,28.0,.237
205,NJIT,27,15,12,.556,-13.35,-7.47,,10,2,,7,3,,8,9,,1867,1985,,69.2,99.9,.343,.417,.514,47.9,47.6,9.4,10.2,.477,14.8,27.1,.242
206,Norfolk State,27,13,14,.481,-12.28,-8.37,,6,4,,8,3,,4,9,,2038,1960,,69.9,108.0,.431,.304,.549,51.6,44.8,10.2,9.1,.515,15.4,33.5,.291
207,North Alabama,25,8,17,.320,-15.32,-5.01,,3,11,,4,7,,4,10,,1759,1958,,66.3,105.0,.386,.344,.527,49.2,42.0,10.2,12.1,.491,14.5,31.1,.265
208,North Carolina,25,20,5,.800,20.19,8.83,,8,4,,15,0,,3,4,,2045,1761,,69.3,118.0,.383,.419,.576,53.2,58.9,8.2,8.6,.549,11.6,32.1,.265
209,North Carolina A&T,24,10,14,.417,-8.78,-5.33,,3,10,,6,4,,3,9,,1792,1822,,69.8,106.4,.476,.326,.547,53.2,47.5,8.3,11.0,.500,15.8,31.9,.341
210,North Carolina Central,24,10,14,.417,-16.69,-5.09,,6,3,,8,4,,2,10,,1740,1818,,69.4,104.4,.383,.333,.535,46.4,57.9,12.6,11.6,.493,15.5,30.7,.279
211,North Dakota,29,15,14,.517,-9.16,-3.16,,9,4,,8,7,,7,6,,2237,2245,,69.8,109.6,.361,.389,.537,48.3,41.3,12.6,8.2,.503,12.0,30.5,.253
212,North Dakota State,27,21,6,.778,1.86,-4.76,,11,1,,11,1,,9,4,,2198,1917,,68.5,116.7,.310,.411,.575,53.0,52.5,12.4,9.2,.546,13.5,34.2,.228
213,North Florida,27,6,21,.222,-15.53,-1.89,,4,10,,4,6,,2,13,,2178,2420,,72.7,110.4,.267,.516,.578,45.4,52.2,6.7,3.5,.547,15.6,27.2,.207
214,North Texas,26,15,11,.577,2.01,0.80,,6,7,,10,4,,4,6,,1836,1720,,66.9,104.0,.399,.329,.519,49.8,51.0,14.6,13.8,.477,15.1,34.1,.279
215,Northeastern,24,6,18,.250,-8.25,-2.00,,2,11,,2,7,,3,11,,1803,1953,,69.8,107.1,.303,.383,.551,46.5,55.6,10.5,9.2,.527,14.6,27.3,.208
216,Northern Arizona,27,10,17,.370,-9.48,-0.94,,4,10,,9,6,,1,10,,1960,2052,,67.1,108.2,.338,.366,.563,46.5,52.1,10.2,7.4,.538,14.1,24.8,.229
217,Northern Colorado,27,17,10,.630,0.61,-1.81,,7,7,,9,3,,7,6,,2240,2071,,70.1,116.2,.264,.440,.596,54.0,56.8,6.0,6.4,.571,14.0,29.6,.200
218,Northern Illinois,24,8,16,.333,-12.93,-2.30,,3,9,,6,4,,2,12,,1705,1836,,70.3,101.1,.385,.453,.519,51.7,53.1,9.0,5.5,.486,18.1,34.9,.256
219,Northern Iowa,27,17,10,.630,7.55,1.82,,9,7,,12,3,,4,6,,1866,1652,,64.0,106.9,.257,.403,.556,49.3,57.3,10.1,10.0,.533,13.0,21.7,.180
220,Northern Kentucky,27,16,11,.593,-2.86,-4.57,,8,8,,11,4,,5,7,,2239,2074,,71.7,114.5,.358,.447,.574,49.9,53.6,12.4,9.9,.544,14.3,33.0,.257
221,Northwestern,26,10,16,.385,11.85,10.85,,2,13,,7,6,,2,7,,1924,1898,,66.7,110.5,.346,.343,.548,46.8,64.7,8.1,11.0,.509,11.3,27.5,.259
222,Northwestern State,27,8,19,.296,-9.00,-1.40,,6,12,,6,6,,2,13,,1892,2009,,66.5,104.9,.404,.345,.546,47.2,52.3,10.3,6.7,.501,15.6,27.3,.301
223,Notre Dame,26,12,14,.462,10.18,8.95,,3,10,,9,5,,2,7,,1941,1909,,66.6,110.6,.333,.422,.555,53.0,47.1,6.8,7.4,.527,14.7,32.1,.230
224,Oakland,27,14,13,.519,-0.53,1.36,,10,6,,6,3,,7,9,,2234,2217,,71.8,115.3,.395,.334,.571,48.7,54.0,10.6,9.6,.531,12.7,31.1,.296
225,Ohio,26,13,13,.500,-3.81,-0.39,,7,6,,9,4,,3,7,,2017,2023,,70.8,109.0,.365,.380,.556,48.5,48.8,9.1,9.0,.525,14.1,29.1,.255
226,Ohio State,25,16,9,.640,17.23,9.83,,8,6,,11,3,,4,4,,2024,1839,,67.5,118.1,.369,.393,.596,51.7,52.3,7.4,7.3,.555,13.4,32.4,.290
227,Oklahoma,25,13,12,.520,12.79,7.07,,3,9,,9,4,,2,6,,2086,1943,,69.4,119.7,.348,.448,.581,51.2,50.3,9.0,9.9,.548,12.2,33.6,.256
228,Oklahoma State,25,16,9,.640,12.12,8.72,,4,8,,13,3,,1,5,,2118,2033,,75.1,112.2,.391,.358,.568,50.5,52.4,10.0,7.8,.530,14.3,30.3,.287
229,Old Dominion,28,10,18,.357,-6.31,-2.87,,6,9,,7,6,,3,12,,2093,2146,,69.9,106.0,.335,.368,.537,48.4,49.7,8.1,8.5,.501,13.4,26.2,.242
230,Omaha,28,14,14,.500,-6.09,-2.92,,7,6,,9,4,,5,8,,2176,2158,,68.9,112.2,.334,.415,.579,50.7,50.1,8.7,8.1,.548,14.5,28.1,.245
231,Oral Roberts,27,6,21,.222,-12.33,-0.25,,1,11,,5,8,,0,12,,1937,2128,,69.7,102.0,.363,.465,.531,48.4,48.3,8.1,9.4,.487,16.7,29.4,.270
232,Oregon,25,9,16,.360,9.37,12.01,,2,12,,8,6,,1,6,,1806,1872,,66.7,107.7,.364,.441,.538,51.0,57.5,8.8,11.6,.500,15.2,34.2,.261
233,Oregon State,28,14,14,.500,0.28,3.53,,7,8,,10,5,,4,6,,1966,2057,,66.1,104.9,.438,.444,.556,47.5,59.4,8.4,10.9,.502,15.8,25.6,.338
234,Pacific,28,17,11,.607,5.09,1.66,,8,7,,11,2,,4,9,,2077,1907,,66.4,111.2,.308,.356,.575,56.9,57.6,8.6,7.3,.541,17.1,35.8,.235
235,Penn State,26,11,15,.423,5.30,8.88,,2,13,,8,6,,2,7,,1961,2054,,67.9,111.2,.327,.381,.564,46.9,46.7,10.8,5.1,.529,12.8,27.4,.246
236,Pennsylvania,23,13,10,.565,-1.69,-1.64,,6,4,,10,2,,3,7,,1761,1715,,69.9,109.5,.389,.347,.543,50.5,53.7,9.0,9.3,.509,13.5,32.1,.269
237,Pepperdine,27,7,20,.259,-6.36,4.44,,2,12,,6,9,,1,10,,1908,2133,,69.2,101.2,.336,.385,.525,48.1,54.7,8.3,7.7,.482,16.2,30.1,.253
238,Pittsburgh,26,9,17,.346,7.72,9.57,,2,11,,7,9,,1,7,,1818,1866,,64.9,107.2,.297,.427,.528,51.8,52.3,10.0,9.9,.504,14.6,33.9,.197
239,Portland,27,12,15,.444,-1.26,4.47,,5,9,,11,5,,1,10,,2033,2122,,70.9,105.2,.358,.351,.554,50.2,63.1,8.4,9.4,.516,16.7,30.0,.264
240,Portland State,24,17,7,.708,1.04,-2.34,,11,2,,9,2,,8,5,,1866,1674,,69.3,111.0,.356,.338,.562,53.6,54.3,10.7,12.0,.531,15.1,33.2,.252
241,Prairie View,26,10,16,.385,-14.77,-6.86,,5,8,,8,3,,1,12,,2098,2086,,76.3,105.7,.449,.306,.547,45.5,43.2,11.3,11.1,.493,14.4,26.4,.340
242,Presbyterian,27,13,14,.481,-9.28,-5.44,,6,6,,9,3,,3,11,,1937,1930,,66.4,107.0,.401,.295,.550,53.5,51.2,8.2,12.3,.520,16.8,35.0,.270
243,Princeton,25,8,17,.320,-6.84,-1.67,,4,6,,7,3,,1,10,,1727,1810,,64.8,105.5,.339,.448,.536,49.7,54.4,7.1,6.7,.496,14.2,28.4,.254
244,Providence,26,11,15,.423,11.53,9.49,,4,11,,9,5,,1,7,,2273,2220,,72.6,116.5,.378,.411,.588,52.1,49.4,7.4,10.5,.548,14.1,32.7,.290
245,Purdue,25,21,4,.840,25.93,11.89,,11,3,,11,2,,7,2,,2066,1715,,66.5,123.7,.287,.407,.603,55.7,65.5,8.6,9.1,.579,12.0,35.8,.212
246,Purdue Fort Wayne,27,15,12,.556,-6.62,-1.78,,9,7,,11,3,,4,9,,2123,2075,,70.4,111.7,.286,.444,.573,44.4,49.5,12.7,10.0,.548,12.5,23.0,.205
247,Queens (NC),27,15,12,.556,-3.73,-4.07,,10,4,,11,2,,4,9,,2276,2256,,70.9,118.3,.357,.474,.595,49.3,54.8,7.7,8.2,.566,13.4,31.3,.261
248,Quinnipiac,28,18,10,.643,-4.39,-6.39,,11,6,,10,4,,8,6,,2114,2000,,70.4,106.8,.314,.339,.524,51.3,51.2,11.5,12.1,.493,13.5,34.2,.218
249,Radford,27,14,13,.519,-6.08,-4.92,,7,5,,10,5,,4,6,,2219,2139,,72.9,111.6,.392,.457,.565,49.6,48.4,10.8,9.7,.531,14.8,31.4,.279
250,Rhode Island,25,14,11,.560,3.75,0.07,,5,7,,8,5,,4,4,,1804,1712,,65.9,108.5,.407,.429,.556,50.2,46.6,13.3,12.4,.517,16.3,32.2,.293
251,Rice,26,11,15,.423,-4.66,0.51,,5,8,,7,7,,3,7,,1942,1948,,67.3,108.9,.349,.423,.529,51.0,48.3,10.3,10.5,.496,14.6,36.5,.241
252,Richmond,26,14,12,.538,3.58,0.54,,4,9,,10,6,,3,5,,2023,1919,,69.1,112.1,.373,.418,.568,48.8,55.4,10.4,7.2,.526,13.0,26.8,.285
253,Rider,25,3,22,.120,-18.68,-3.76,,2,14,,3,8,,0,14,,1588,1914,,65.6,96.8,.315,.271,.473,49.1,44.8,8.2,10.1,.435,14.7,33.9,.218
254,Robert Morris,28,18,10,.643,-2.48,-4.56,,10,7,,11,3,,7,7,,2186,2062,,66.8,114.4,.268,.403,.568,55.4,62.7,8.1,7.2,.548,15.6,39.0,.184
255,Rutgers,25,10,15,.400,3.42,9.06,,3,11,,9,6,,0,7,,1750,1891,,66.1,104.3,.374,.357,.512,48.6,46.7,8.8,10.1,.467,13.4,32.4,.272
256,Sacramento State,25,9,16,.360,-6.97,0.67,,5,8,,9,2,,0,14,,1972,2058,,73.5,106.8,.409,.380,.540,47.3,50.6,9.9,9.3,.486,13.3,26.9,.319
257,Sacred Heart,28,12,16,.429,-11.03,-7.77,,8,9,,7,5,,5,11,,2135,2166,,68.7,110.4,.306,.501,.566,49.8,58.1,8.9,7.6,.529,15.4,30.0,.238
258,Saint Francis (PA),26,6,20,.231,-18.97,-4.72,,4,9,,5,6,,1,12,,1857,2115,,70.7,100.6,.301,.394,.521,46.7,54.2,10.7,6.0,.491,15.7,28.2,.209
259,Saint Joseph's,25,15,10,.600,0.09,0.36,,7,5,,10,3,,3,7,,1839,1784,,69.0,106.1,.312,.450,.532,52.1,60.7,8.3,12.9,.494,15.3,34.0,.233
260,Saint Louis,25,24,1,.960,21.28,0.24,,12,0,,16,0,,7,0,,2269,1683,,73.0,124.3,.337,.457,.636,56.8,60.8,10.1,9.2,.613,14.6,33.7,.248
261,Saint Mary's (CA),27,23,4,.852,17.50,4.47,,12,2,,15,0,,6,2,,2120,1727,,66.7,117.8,.377,.360,.580,57.8,60.0,8.6,9.3,.532,13.7,37.3,.305
262,Saint Peter's,24,15,9,.625,-6.33,-7.33,,12,4,,12,1,,3,8,,1734,1645,,66.3,108.5,.369,.396,.520,51.2,53.3,13.9,10.8,.473,13.8,37.6,.275
263,Sam Houston,25,17,8,.680,3.79,0.24,,9,5,,9,1,,6,7,,2074,1849,,71.7,115.7,.337,.379,.567,54.1,52.5,10.4,8.5,.537,14.2,37.1,.242
264,Samford,27,15,12,.556,-4.71,-4.79,,8,6,,9,3,,5,8,,2113,2020,,68.6,112.6,.428,.465,.559,50.3,57.1,6.7,7.7,.527,11.4,25.8,.292
265,San Diego,28,11,17,.393,-2.72,3.21,,5,10,,9,7,,2,9,,2115,2194,,70.3,106.5,.265,.425,.550,46.7,59.2,11.5,8.2,.519,15.5,29.6,.201
266,San Diego State,24,18,6,.750,15.54,7.32,,12,2,,12,1,,5,2,,1915,1664,,69.6,111.7,.362,.328,.578,51.6,55.4,11.8,15.8,.541,15.2,31.2,.272
267,San Francisco,28,15,13,.536,4.64,3.90,,7,8,,9,4,,3,7,,2101,2036,,67.0,111.1,.394,.455,.555,52.7,55.9,7.6,8.0,.517,13.8,32.2,.284
268,San Jose State,25,6,19,.240,-3.18,6.58,,1,13,,5,8,,0,10,,1754,1934,,65.7,106.2,.332,.381,.533,46.3,44.0,8.7,5.6,.494,14.0,30.3,.246
269,Santa Clara,28,22,6,.786,16.39,5.32,,13,2,,13,1,,7,2,,2343,2014,,70.7,118.4,.260,.445,.574,52.3,55.9,13.1,11.2,.550,13.4,36.5,.190
270,Seattle,27,16,11,.593,4.49,3.21,,5,9,,12,3,,3,7,,1958,1817,,69.6,103.8,.336,.378,.538,48.2,53.3,11.4,13.8,.505,15.1,27.1,.237
271,Seton Hall,26,18,8,.692,13.74,7.05,,8,7,,11,3,,5,4,,1864,1690,,66.9,107.1,.360,.267,.521,52.0,51.4,14.1,18.9,.481,13.8,35.9,.258
272,Siena,27,18,9,.667,-4.09,-8.97,,11,5,,7,4,,9,5,,1917,1785,,64.6,109.9,.321,.318,.551,52.2,51.6,9.9,8.7,.515,13.8,32.2,.240
273,South Alabama,27,19,8,.704,-4.17,-6.37,,9,5,,8,2,,8,6,,2011,1874,,66.5,109.9,.396,.353,.553,49.1,44.0,12.1,10.4,.526,11.5,25.9,.262
274,South Carolina,25,11,14,.440,7.32,6.80,,2,10,,10,6,,1,6,,1911,1898,,68.3,110.2,.369,.440,.556,47.9,53.3,8.2,6.3,.508,12.6,26.9,.292
275,South Carolina State,24,6,18,.250,-23.00,-5.86,,4,4,,5,4,,1,14,,1561,1918,,70.3,92.5,.387,.330,.491,46.4,51.4,10.1,11.0,.458,18.2,31.1,.246
276,South Carolina Upstate,27,11,16,.407,-9.52,-4.06,,3,9,,8,5,,3,11,,2042,2018,,70.5,105.3,.346,.358,.534,49.5,47.7,9.0,11.9,.504,15.0,29.7,.234
277,South Dakota,27,14,13,.519,-8.18,-4.39,,6,6,,10,5,,3,8,,2189,2191,,71.7,111.1,.433,.353,.561,50.7,46.1,9.2,5.9,.515,14.5,32.0,.323
278,South Dakota State,27,12,15,.444,-2.17,-2.17,,5,7,,8,3,,3,8,,2046,1960,,68.3,110.5,.306,.392,.558,52.4,51.5,8.9,8.2,.531,14.1,30.6,.215
279,South Florida,26,18,8,.692,11.24,2.96,,10,3,,10,2,,7,3,,2308,2040,,73.9,117.4,.427,.443,.560,52.9,58.8,11.8,11.5,.518,12.8,37.5,.313
280,Southeast Missouri State,27,16,11,.593,-6.33,-7.00,,11,5,,9,4,,6,7,,2045,1929,,71.2,106.4,.382,.366,.548,51.3,48.6,9.4,9.7,.516,14.6,29.6,.261
281,Southeastern Louisiana,27,8,19,.296,-8.69,-2.38,,5,13,,5,5,,1,14,,1731,1869,,65.6,97.3,.389,.399,.505,48.2,52.8,10.7,8.6,.465,16.7,29.0,.266
282,Southern,26,12,14,.462,-10.65,-4.78,,8,5,,7,2,,5,12,,2088,2041,,73.0,108.4,.395,.330,.543,50.3,51.5,13.2,10.7,.507,14.2,32.4,.276
283,Southern California,25,18,7,.720,13.54,9.49,,7,7,,9,3,,5,4,,2032,1896,,71.5,111.5,.474,.332,.566,52.9,55.5,9.0,15.6,.523,14.9,34.4,.341
284,Southern Illinois,27,12,15,.444,3.36,1.79,,6,10,,7,6,,4,8,,2001,1919,,70.5,103.7,.340,.287,.528,51.7,48.7,11.3,10.7,.498,14.9,30.4,.231
285,SIU Edwardsville,27,17,10,.630,-7.36,-9.36,,10,6,,8,5,,8,5,,1951,1754,,67.0,107.4,.329,.354,.538,51.5,51.2,11.3,11.4,.510,14.9,32.6,.225
286,Southern Indiana,26,5,21,.192,-15.85,-7.85,,2,14,,3,10,,2,9,,1781,1919,,69.4,97.8,.361,.419,.483,47.9,43.6,9.3,9.5,.449,14.9,31.2,.233
287,Southern Methodist,25,17,8,.680,18.62,9.98,,6,6,,13,2,,3,5,,2155,1939,,71.4,119.5,.325,.348,.593,52.7,56.6,10.3,11.3,.560,13.6,35.3,.248
288,Southern Mississippi,28,14,14,.500,-6.36,-4.17,,7,8,,9,3,,3,10,,2054,2052,,69.3,104.9,.423,.310,.538,52.2,45.0,10.9,11.3,.489,15.9,31.8,.313
289,Southern Utah,26,9,17,.346,-10.31,0.52,,5,8,,6,4,,2,13,,1978,2069,,72.4,104.6,.319,.363,.550,49.7,51.6,7.5,9.6,.518,17.0,29.4,.231
290,St. Bonaventure,25,14,11,.560,2.01,1.01,,3,9,,8,5,,4,4,,1915,1851,,67.5,112.9,.293,.313,.563,52.5,56.6,11.1,13.7,.531,14.5,35.1,.220
291,St. John's (NY),25,20,5,.800,22.16,9.92,,13,1,,12,2,,7,0,,2108,1802,,72.0,116.5,.440,.338,.560,52.6,55.7,11.3,12.0,.518,12.5,36.8,.319
292,St. Thomas,28,21,7,.750,3.17,-5.24,,10,3,,12,1,,8,5,,2350,2035,,70.8,118.5,.356,.456,.615,49.0,57.2,11.4,7.1,.596,12.3,22.0,.246
293,Stanford,26,16,10,.615,11.77,8.89,,5,8,,10,6,,3,4,,1961,1886,,68.8,109.6,.369,.445,.544,50.9,47.4,11.5,9.7,.506,13.7,32.4,.268
294,Stephen F. Austin,27,24,3,.889,5.84,-4.41,,17,1,,14,0,,10,3,,2094,1763,,67.3,115.2,.296,.400,.547,53.5,49.7,10.5,9.9,.525,11.7,35.6,.198
295,Stetson,27,9,18,.333,-14.32,-3.96,,5,9,,7,4,,2,13,,1964,2175,,69.1,104.8,.341,.445,.549,48.3,57.8,9.3,5.5,.522,16.2,28.3,.231
296,Stonehill,27,9,18,.333,-15.70,-8.14,,6,8,,6,4,,3,13,,1756,1852,,66.7,96.2,.277,.402,.506,52.2,53.0,7.0,9.8,.477,17.8,29.5,.192
297,Stony Brook,27,16,11,.593,-4.42,-3.66,,8,6,,11,3,,4,7,,1943,1891,,66.8,106.2,.287,.456,.535,48.5,54.3,9.8,11.0,.505,14.2,28.7,.205
298,Syracuse,27,15,12,.556,10.95,8.13,,6,8,,12,4,,2,5,,2053,1977,,68.2,109.4,.370,.364,.552,48.6,47.7,9.5,16.1,.532,14.0,30.0,.234
299,Tarleton State,26,13,13,.500,-3.64,-1.14,,4,9,,9,4,,4,9,,1958,1885,,72.3,102.7,.414,.253,.543,48.8,43.1,15.1,9.9,.494,17.8,31.1,.312
300,TCU,25,16,9,.640,15.09,8.29,,6,6,,11,5,,3,4,,1972,1802,,70.0,111.1,.381,.371,.553,51.6,57.9,10.5,13.5,.517,13.7,33.1,.272
301,Temple,25,15,10,.600,0.60,-1.90,,7,5,,9,4,,5,3,,1867,1761,,65.8,113.0,.429,.373,.556,50.3,52.6,8.4,12.1,.509,12.1,30.6,.321
302,Tennessee,25,18,7,.720,22.05,10.29,,8,4,,13,1,,3,4,,2026,1732,,68.1,117.3,.412,.331,.561,59.2,61.9,10.8,10.7,.528,14.9,45.0,.288
303,Tennessee State,26,17,9,.654,-8.12,-8.64,,11,5,,8,2,,8,7,,2101,1979,,72.7,110.7,.340,.304,.546,51.9,46.4,12.8,9.7,.505,14.1,34.7,.258
304,Tennessee Tech,27,11,16,.407,-13.97,-7.97,,6,10,,6,6,,5,10,,2016,2046,,69.9,106.7,.347,.376,.551,51.5,48.7,8.7,7.7,.513,16.7,33.2,.259
305,Tennessee-Martin,27,20,7,.741,-4.06,-9.02,,12,4,,11,1,,8,5,,1958,1715,,67.8,106.9,.396,.467,.541,55.6,57.2,13.3,13.3,.510,18.1,39.9,.266
306,Texas,25,16,9,.640,17.96,8.37,,7,5,,11,3,,3,4,,2130,1859,,69.3,122.3,.457,.376,.600,56.6,44.5,8.9,7.3,.558,13.6,38.5,.344
307,Texas A&M,25,17,8,.680,17.81,6.57,,7,5,,12,3,,4,4,,2245,1964,,73.5,120.3,.370,.478,.589,50.6,63.9,11.3,9.5,.553,12.8,33.0,.277
308,Texas A&M-Corpus Christi,27,14,13,.519,-2.58,-0.41,,10,8,,8,5,,6,8,,1979,1845,,69.4,105.2,.406,.313,.536,52.6,51.7,11.4,9.3,.503,15.8,32.8,.273
309,Texas Southern,24,9,15,.375,-13.73,-4.82,,7,6,,7,4,,2,11,,1790,1904,,71.8,102.8,.400,.332,.545,49.2,41.6,9.4,8.9,.507,17.1,28.5,.284
310,Texas State,28,17,11,.607,-7.01,-6.59,,9,6,,15,1,,2,8,,2084,1984,,68.4,107.8,.339,.250,.552,53.8,48.9,12.7,11.1,.512,16.0,34.7,.258
311,Texas Tech,25,19,6,.760,23.19,13.55,,9,3,,12,1,,4,3,,2050,1809,,69.0,118.3,.279,.472,.578,52.3,55.3,9.2,9.1,.556,12.9,33.6,.197
312,Texas-Rio Grande Valley,27,15,12,.556,0.64,-1.32,,11,7,,8,5,,7,7,,2038,1874,,67.3,112.1,.290,.434,.576,50.9,62.1,9.2,8.4,.546,15.2,30.8,.219
313,The Citadel,27,9,18,.333,-16.88,-5.55,,6,8,,7,6,,2,11,,1867,2057,,64.8,104.7,.286,.496,.526,48.8,51.5,8.1,6.9,.498,14.3,29.3,.200
314,Toledo,26,13,13,.500,-0.86,-1.16,,7,6,,8,4,,4,8,,2102,2018,,70.4,114.8,.320,.325,.571,48.9,53.7,10.8,8.3,.535,13.0,31.4,.246
315,Towson,27,14,13,.519,-1.17,-0.37,,6,8,,9,3,,2,9,,1874,1808,,65.5,106.0,.297,.364,.507,54.5,40.6,9.6,8.9,.477,13.8,36.9,.202
316,Troy,27,17,10,.630,0.05,-2.75,,9,5,,8,3,,8,6,,2205,2016,,69.0,113.0,.344,.452,.561,51.7,57.9,11.8,8.5,.527,14.1,34.3,.251
317,Tulane,25,15,10,.600,-0.86,0.55,,6,6,,9,6,,5,2,,1817,1839,,68.4,105.7,.447,.442,.553,44.4,55.4,11.5,13.5,.500,14.2,22.6,.343
318,Tulsa,26,20,6,.769,11.30,1.55,,8,5,,10,2,,6,4,,2226,1898,,69.4,123.4,.411,.449,.612,54.4,53.1,8.9,6.8,.570,13.2,34.3,.322
319,UAB,26,16,10,.615,4.04,0.12,,7,6,,7,8,,7,2,,2075,1921,,71.5,110.1,.367,.308,.518,53.0,49.0,11.5,9.2,.480,10.5,33.9,.256
320,UC Davis,26,16,10,.615,-0.27,-0.72,,9,6,,12,3,,4,7,,2025,1931,,71.9,108.3,.394,.423,.570,49.4,61.2,11.2,8.0,.529,16.0,28.4,.295
321,UC Irvine,26,17,9,.654,3.15,-1.35,,10,4,,9,3,,5,5,,2019,1768,,71.8,107.1,.354,.283,.540,52.1,56.8,10.5,15.1,.510,14.8,32.4,.241
322,UC Riverside,27,8,19,.296,-8.81,0.31,,3,12,,5,6,,3,13,,1940,2102,,70.1,102.5,.336,.390,.536,49.3,49.9,7.3,10.4,.499,16.7,29.0,.245
323,UC San Diego,27,18,9,.667,3.38,-0.94,,8,7,,8,5,,6,4,,2061,1898,,70.1,109.0,.328,.434,.557,51.1,54.0,10.7,7.8,.531,14.4,27.8,.226
324,UC Santa Barbara,26,17,9,.654,1.90,-2.02,,10,5,,10,2,,5,6,,2059,1899,,67.3,116.6,.377,.424,.598,54.3,55.1,10.4,6.8,.562,15.8,34.0,.286
325,UCF,24,17,7,.708,13.27,9.19,,6,6,,12,3,,3,4,,1962,1864,,70.9,115.3,.304,.353,.568,53.8,53.9,7.7,8.1,.537,13.7,35.8,.227
326,UCLA,25,17,8,.680,16.85,9.41,,9,5,,14,1,,3,4,,1948,1762,,66.6,115.9,.361,.344,.573,50.2,56.8,9.6,10.3,.534,12.2,31.7,.276
327,UNC Asheville,26,12,14,.462,-4.81,-3.55,,6,6,,8,6,,3,8,,1919,1867,,67.9,108.2,.386,.352,.556,51.3,43.7,8.5,9.2,.522,15.6,31.4,.271
328,UNC Greensboro,27,12,15,.444,-10.83,-4.83,,8,6,,8,5,,3,7,,2124,2168,,69.0,112.5,.420,.397,.561,50.1,49.2,7.6,5.4,.526,12.6,29.0,.294
329,UNC Wilmington,26,22,4,.846,2.87,-4.93,,11,2,,13,2,,9,2,,2003,1743,,66.8,115.3,.435,.375,.553,54.8,51.4,7.7,7.3,.517,12.5,35.7,.299
330,UT Arlington,25,14,11,.560,-1.82,-1.56,,6,7,,8,3,,6,7,,1804,1703,,68.2,104.3,.414,.313,.540,54.3,50.6,11.2,10.2,.498,17.5,36.3,.297
331,Utah,25,9,16,.360,6.72,9.88,,1,11,,8,6,,0,8,,1909,1988,,69.4,109.5,.327,.384,.554,48.7,50.9,8.3,8.1,.521,14.1,29.4,.238
332,Utah State,25,22,3,.880,19.35,5.47,,12,2,,11,1,,7,2,,2117,1728,,68.8,122.4,.374,.405,.611,53.1,60.2,13.1,9.6,.587,13.8,35.6,.266
333,Utah Tech,27,16,11,.593,-2.44,-0.61,,9,4,,10,2,,5,8,,2077,1987,,69.3,108.5,.310,.379,.564,49.1,51.8,10.8,8.2,.537,15.3,29.6,.221
334,Utah Valley,25,18,7,.720,6.44,-0.93,,8,4,,12,0,,3,7,,2038,1703,,70.7,114.7,.339,.345,.594,54.6,63.8,13.8,15.1,.569,17.6,37.3,.240
335,UTEP,26,10,16,.385,-5.52,0.26,,6,9,,8,6,,2,8,,1815,1868,,66.5,103.4,.337,.377,.526,47.8,50.5,11.5,11.1,.493,15.1,29.3,.235
336,UTSA,25,5,20,.200,-14.87,1.52,,1,12,,2,9,,2,10,,1739,2016,,70.4,98.8,.294,.411,.492,46.8,44.3,9.5,12.4,.459,14.8,31.2,.203
337,Valparaiso,27,14,13,.519,-0.14,1.01,,8,8,,11,4,,3,9,,1926,1916,,66.5,105.9,.368,.362,.517,51.0,46.1,8.9,10.5,.478,13.4,33.1,.259
338,Vanderbilt,25,21,4,.840,23.96,9.16,,8,4,,12,2,,6,2,,2210,1840,,72.1,122.0,.388,.449,.604,51.5,57.0,11.9,14.0,.564,11.7,30.9,.302
339,Vermont,27,17,10,.630,-5.71,-9.15,,9,3,,9,3,,7,5,,2030,1886,,65.1,114.0,.318,.451,.577,53.5,50.1,6.7,9.5,.548,12.9,27.7,.233
340,Villanova,25,20,5,.800,17.86,9.22,,11,3,,11,2,,7,2,,1944,1728,,65.8,117.0,.328,.458,.568,51.1,55.7,11.2,6.0,.543,13.0,34.8,.227
341,Virginia,25,22,3,.880,20.45,6.45,,10,2,,12,1,,7,1,,2035,1685,,66.3,119.8,.351,.461,.571,56.2,59.1,9.6,15.7,.544,13.2,39.7,.246
342,Virginia Commonwealth,26,20,6,.769,13.16,2.16,,11,2,,12,2,,6,2,,2171,1885,,70.3,118.7,.448,.445,.587,52.3,53.2,10.6,11.8,.546,13.5,33.7,.332
343,VMI,27,6,21,.222,-20.31,-5.27,,1,13,,5,8,,1,11,,1955,2147,,69.2,104.7,.295,.546,.524,45.1,52.0,10.8,7.6,.491,13.1,27.0,.213
344,Virginia Tech,26,17,9,.654,12.70,8.27,,6,7,,12,3,,3,4,,2058,1943,,68.6,112.2,.361,.393,.556,49.8,51.4,9.5,9.1,.519,12.9,31.5,.265
345,Wagner,25,9,16,.360,-13.11,-7.51,,4,10,,6,5,,3,11,,1791,1839,,66.6,105.5,.302,.359,.534,52.5,49.6,8.3,7.0,.504,16.2,34.3,.213
346,Wake Forest,25,13,12,.520,12.93,10.25,,4,8,,9,6,,2,4,,1992,1925,,70.8,111.4,.348,.444,.566,48.4,53.5,12.1,11.3,.527,13.8,29.7,.266
347,Washington,26,13,13,.500,15.37,10.95,,5,10,,9,5,,3,7,,1998,1883,,67.9,112.1,.313,.336,.549,53.7,49.2,8.5,11.7,.511,13.5,35.2,.238
348,Washington State,27,11,16,.407,4.52,5.86,,6,8,,8,5,,1,9,,2068,2098,,69.4,110.4,.334,.453,.585,52.2,50.2,8.2,8.3,.554,17.0,30.5,.246
349,Weber State,27,13,14,.481,-2.81,-2.37,,7,7,,9,5,,4,9,,2202,2082,,71.2,113.5,.383,.337,.563,53.1,48.6,10.2,4.5,.526,13.4,32.9,.278
350,West Georgia,26,12,14,.462,-12.02,-5.15,,6,8,,8,5,,4,9,,1971,2078,,70.2,106.9,.294,.333,.527,50.0,46.7,9.4,13.1,.497,13.4,32.0,.208
351,West Virginia,25,16,9,.640,12.93,6.57,,7,5,,13,2,,3,3,,1753,1594,,64.1,108.4,.367,.428,.546,52.2,53.2,9.7,7.9,.517,14.8,30.8,.250
352,Western Carolina,25,10,15,.400,-8.54,-2.63,,6,8,,7,3,,3,12,,1952,1975,,69.8,110.8,.282,.408,.537,53.9,46.6,9.0,9.3,.511,14.1,36.3,.197
353,Western Illinois,27,5,22,.185,-22.52,-7.64,,1,15,,4,8,,1,14,,1766,2065,,67.2,96.8,.371,.327,.490,47.8,35.4,8.0,5.4,.451,15.0,30.1,.251
354,Western Kentucky,25,14,11,.560,0.17,0.26,,7,7,,10,4,,3,5,,1937,1866,,71.2,108.3,.391,.406,.515,51.2,51.2,10.6,8.2,.463,12.3,34.0,.295
355,Western Michigan,25,9,16,.360,-8.66,-2.35,,3,9,,7,5,,2,11,,1871,1983,,69.7,107.4,.322,.350,.540,51.7,49.3,7.1,8.0,.505,15.2,32.6,.235
356,Wichita State,26,16,10,.615,8.46,2.14,,8,5,,12,3,,4,4,,2005,1821,,66.7,113.4,.365,.350,.534,54.5,43.6,9.1,10.7,.504,12.4,38.9,.246
357,William & Mary,26,16,10,.615,1.99,-1.43,,7,7,,9,2,,5,8,,2175,1999,,74.2,112.8,.398,.431,.591,50.0,64.3,10.9,11.5,.556,15.1,27.9,.295
358,Winthrop,27,19,8,.704,0.74,-4.30,,11,1,,11,1,,7,7,,2296,2014,,71.7,118.1,.425,.456,.570,53.9,55.3,10.0,8.6,.527,12.7,35.8,.315
359,Wisconsin,25,18,7,.720,18.61,10.53,,10,4,,13,2,,4,2,,2092,1890,,69.8,118.2,.345,.511,.579,51.7,56.7,8.0,8.7,.540,11.3,29.9,.268
360,Wofford,27,17,10,.630,-6.35,-6.35,,9,5,,9,3,,8,7,,2137,2079,,68.5,115.6,.371,.431,.564,50.8,51.8,8.3,9.2,.529,12.1,31.7,.267
361,Wright State,27,17,10,.630,0.20,-3.68,,12,4,,9,4,,7,5,,2167,1968,,68.6,116.5,.372,.347,.581,52.9,49.7,11.0,12.3,.549,13.9,34.3,.270
362,Wyoming,25,13,12,.520,8.33,4.91,,4,10,,11,4,,1,8,,1936,1830,,68.3,113.4,.380,.422,.560,53.8,52.6,9.8,7.5,.521,14.3,35.2,.282
363,Xavier,25,13,12,.520,8.24,9.00,,5,9,,11,4,,1,7,,1944,1963,,71.8,107.7,.279,.409,.540,47.6,64.4,9.5,10.4,.513,12.3,26.4,.198
364,Yale,24,20,4,.833,6.90,-2.29,,8,2,,8,2,,8,2,,2000,1716,,66.6,123.8,.359,.363,.610,53.7,55.9,8.0,8.9,.576,12.1,33.6,.275
365,Youngstown State,27,13,14,.481,-3.47,-4.56,,6,10,,8,5,,4,8,,2144,1967,,69.2,114.2,.309,.497,.583,51.8,53.3,10.8,9.5,.553,15.9,33.9,.230